<!DOCTYPE html>
<html><head><title>Web Data Commons Extraction Report</title><link rel='stylesheet' href='http://webdatacommons.org/style.css' type='text/css' media='screen'/></head><body><a name='top'></a><h1>Top Domains by Extracted Triples for Extractor html-mf-hlisting</h1><br /><a href="stats.html">Back to Statistics</a><br /><br /><ol><li><a href='http://www.www.gumtree.com'>www.gumtree.com</a> (2,909,250 Triples)</li><li><a href='http://www.www.kelkoo.fr'>www.kelkoo.fr</a> (2,254,823 Triples)</li><li><a href='http://www.www.forrent.com'>www.forrent.com</a> (2,043,595 Triples)</li><li><a href='http://www.www.quoka.de'>www.quoka.de</a> (1,733,277 Triples)</li><li><a href='http://www.www.nestoria.co.uk'>www.nestoria.co.uk</a> (779,456 Triples)</li><li><a href='http://www.www.kelkoo.co.uk'>www.kelkoo.co.uk</a> (651,151 Triples)</li><li><a href='http://www.shopping.kelkoo.es'>shopping.kelkoo.es</a> (646,581 Triples)</li><li><a href='http://www.paradizo.com'>paradizo.com</a> (523,823 Triples)</li><li><a href='http://www.www.kelkoo.it'>www.kelkoo.it</a> (489,185 Triples)</li><li><a href='http://www.www.kelkoo.se'>www.kelkoo.se</a> (479,106 Triples)</li><li><a href='http://www.www.kelkoo.es'>www.kelkoo.es</a> (430,445 Triples)</li><li><a href='http://www.resor.kelkoo.se'>resor.kelkoo.se</a> (418,757 Triples)</li><li><a href='http://www.www.realestate.com'>www.realestate.com</a> (395,362 Triples)</li><li><a href='http://www.voyages.kelkoo.fr'>voyages.kelkoo.fr</a> (357,416 Triples)</li><li><a href='http://www.www.kelkoo.no'>www.kelkoo.no</a> (324,008 Triples)</li><li><a href='http://www.www.kelkoo.de'>www.kelkoo.de</a> (320,043 Triples)</li><li><a href='http://www.viajes.kelkoo.es'>viajes.kelkoo.es</a> (306,108 Triples)</li><li><a href='http://www.www.kelkoo.dk'>www.kelkoo.dk</a> (208,581 Triples)</li><li><a href='http://www.www.kelkoo.nl'>www.kelkoo.nl</a> (197,932 Triples)</li><li><a href='http://www.www.autotest.de'>www.autotest.de</a> (184,437 Triples)</li><li><a href='http://www.www.iagro.pl'>www.iagro.pl</a> (179,330 Triples)</li><li><a href='http://www.www.cinemablend.com'>www.cinemablend.com</a> (155,526 Triples)</li><li><a href='http://www.reise.kelkoo.no'>reise.kelkoo.no</a> (155,399 Triples)</li><li><a href='http://www.www.traslochi365.it'>www.traslochi365.it</a> (147,494 Triples)</li><li><a href='http://www.www.number1expert.com'>www.number1expert.com</a> (136,128 Triples)</li><li><a href='http://www.www.vivalur.fr'>www.vivalur.fr</a> (120,449 Triples)</li><li><a href='http://www.www.guidedemenagement.fr'>www.guidedemenagement.fr</a> (119,927 Triples)</li><li><a href='http://www.www.jackellenahonda.com'>www.jackellenahonda.com</a> (105,200 Triples)</li><li><a href='http://www.rejser.kelkoo.dk'>rejser.kelkoo.dk</a> (104,459 Triples)</li><li><a href='http://www.fr.kelkoo.be'>fr.kelkoo.be</a> (103,176 Triples)</li><li><a href='http://www.metroseats.com'>metroseats.com</a> (101,143 Triples)</li><li><a href='http://www.www.finnsko.no'>www.finnsko.no</a> (98,215 Triples)</li><li><a href='http://www.www.saludae.com'>www.saludae.com</a> (93,789 Triples)</li><li><a href='http://www.www.morosos.net'>www.morosos.net</a> (89,410 Triples)</li><li><a href='http://www.nl.kelkoo.be'>nl.kelkoo.be</a> (83,655 Triples)</li><li><a href='http://www.shopping-fr.kelkoo.be'>shopping-fr.kelkoo.be</a> (69,042 Triples)</li><li><a href='http://www.www.gurneedodge.com'>www.gurneedodge.com</a> (68,800 Triples)</li><li><a href='http://www.www.presence-pc.com'>www.presence-pc.com</a> (67,450 Triples)</li><li><a href='http://www.www.idesguaces.com'>www.idesguaces.com</a> (57,053 Triples)</li><li><a href='http://www.www.zillow.com'>www.zillow.com</a> (56,516 Triples)</li><li><a href='http://www.nuts.com'>nuts.com</a> (49,747 Triples)</li><li><a href='http://www.reizen.kelkoo.nl'>reizen.kelkoo.nl</a> (42,832 Triples)</li><li><a href='http://www.www.tomshardware.de'>www.tomshardware.de</a> (38,118 Triples)</li><li><a href='http://www.www.dorschfordkia.com'>www.dorschfordkia.com</a> (36,800 Triples)</li><li><a href='http://www.www.nestoria.es'>www.nestoria.es</a> (34,051 Triples)</li><li><a href='http://www.shopping-nl.kelkoo.be'>shopping-nl.kelkoo.be</a> (32,666 Triples)</li><li><a href='http://www.www.charleschurch.com'>www.charleschurch.com</a> (31,626 Triples)</li><li><a href='http://www.www.plazatoyota.com'>www.plazatoyota.com</a> (30,820 Triples)</li><li><a href='http://www.www.aloeveracanariasbionatural.com'>www.aloeveracanariasbionatural.com</a> (30,763 Triples)</li><li><a href='http://www.www.foreclosurelistings.com'>www.foreclosurelistings.com</a> (30,216 Triples)</li><li><a href='http://www.www.ooyyo.ru'>www.ooyyo.ru</a> (30,191 Triples)</li><li><a href='http://www.redeparede.pt'>redeparede.pt</a> (29,987 Triples)</li><li><a href='http://www.www.ooyyo.it'>www.ooyyo.it</a> (29,218 Triples)</li><li><a href='http://www.www.vivareal.net'>www.vivareal.net</a> (28,746 Triples)</li><li><a href='http://www.www.guidemeubles.fr'>www.guidemeubles.fr</a> (28,735 Triples)</li><li><a href='http://www.www.arabaooyyo.com'>www.arabaooyyo.com</a> (28,309 Triples)</li><li><a href='http://www.shopping.kelkoo.co.uk'>shopping.kelkoo.co.uk</a> (28,056 Triples)</li><li><a href='http://www.www.plazahonda.com'>www.plazahonda.com</a> (28,000 Triples)</li><li><a href='http://www.www.ooyyo.pl'>www.ooyyo.pl</a> (27,710 Triples)</li><li><a href='http://www.www.version2.dk'>www.version2.dk</a> (27,590 Triples)</li><li><a href='http://www.www.infos-du-net.com'>www.infos-du-net.com</a> (27,326 Triples)</li><li><a href='http://www.www.ooyyo.es'>www.ooyyo.es</a> (26,885 Triples)</li><li><a href='http://www.www.ooyyo.com'>www.ooyyo.com</a> (26,620 Triples)</li><li><a href='http://www.www.ooyyo.si'>www.ooyyo.si</a> (26,601 Triples)</li><li><a href='http://www.www.imaszyny.pl'>www.imaszyny.pl</a> (26,338 Triples)</li><li><a href='http://www.www.ooyyo.lv'>www.ooyyo.lv</a> (26,321 Triples)</li><li><a href='http://www.www.ooyyo.de'>www.ooyyo.de</a> (26,213 Triples)</li><li><a href='http://www.www.ooyyo.com.ua'>www.ooyyo.com.ua</a> (25,816 Triples)</li><li><a href='http://www.www.ooyyo.nl'>www.ooyyo.nl</a> (25,529 Triples)</li><li><a href='http://www.www.ooyyo.no'>www.ooyyo.no</a> (25,241 Triples)</li><li><a href='http://www.www.ooyyo.se'>www.ooyyo.se</a> (24,961 Triples)</li><li><a href='http://www.www.ooyyo.fr'>www.ooyyo.fr</a> (24,835 Triples)</li><li><a href='http://www.www.ooyyo.rs'>www.ooyyo.rs</a> (24,213 Triples)</li><li><a href='http://www.www.ooyyo.pt'>www.ooyyo.pt</a> (23,670 Triples)</li><li><a href='http://www.www.ooyyo.ro'>www.ooyyo.ro</a> (22,441 Triples)</li><li><a href='http://www.www.ooyyo.dk'>www.ooyyo.dk</a> (22,216 Triples)</li><li><a href='http://www.www.empora.de'>www.empora.de</a> (21,697 Triples)</li><li><a href='http://www.www.ooyyo.hr'>www.ooyyo.hr</a> (21,421 Triples)</li><li><a href='http://www.www.ooyyo.hu'>www.ooyyo.hu</a> (21,289 Triples)</li><li><a href='http://www.www.ooyyo.gr'>www.ooyyo.gr</a> (20,998 Triples)</li><li><a href='http://www.www.nestoria.de'>www.nestoria.de</a> (20,628 Triples)</li><li><a href='http://www.www.vivareal.com.co'>www.vivareal.com.co</a> (20,403 Triples)</li><li><a href='http://www.www.dennyfordlm.com'>www.dennyfordlm.com</a> (19,600 Triples)</li><li><a href='http://www.www.ooyyo.fi'>www.ooyyo.fi</a> (19,572 Triples)</li><li><a href='http://www.www.traiteurs.fr'>www.traiteurs.fr</a> (19,463 Triples)</li><li><a href='http://www.www.mercedes-benzofkansascity.com'>www.mercedes-benzofkansascity.com</a> (17,680 Triples)</li><li><a href='http://www.www.guiabelleza.com'>www.guiabelleza.com</a> (17,485 Triples)</li><li><a href='http://www.www.canishop.com'>www.canishop.com</a> (17,210 Triples)</li><li><a href='http://www.www.northwooduk.com'>www.northwooduk.com</a> (16,386 Triples)</li><li><a href='http://www.roopit.com'>roopit.com</a> (16,104 Triples)</li><li><a href='http://www.www.cosmeticsurgerycenters.co.uk'>www.cosmeticsurgerycenters.co.uk</a> (16,071 Triples)</li><li><a href='http://www.www.nestoria.it'>www.nestoria.it</a> (15,576 Triples)</li><li><a href='http://www.www.sicurezza365.it'>www.sicurezza365.it</a> (15,043 Triples)</li><li><a href='http://www.www.hitched.co.uk'>www.hitched.co.uk</a> (14,806 Triples)</li><li><a href='http://www.www.smokebooks.net'>www.smokebooks.net</a> (14,372 Triples)</li><li><a href='http://www.reisen.kelkoo.de'>reisen.kelkoo.de</a> (13,508 Triples)</li><li><a href='http://www.www.theepicentre.co.uk'>www.theepicentre.co.uk</a> (13,052 Triples)</li><li><a href='http://www.redeparede.es'>redeparede.es</a> (12,841 Triples)</li><li><a href='http://www.www.guidaufficio.it'>www.guidaufficio.it</a> (12,724 Triples)</li><li><a href='http://www.www.guidapulizie.it'>www.guidapulizie.it</a> (12,549 Triples)</li><li><a href='http://www.www.breamanmerrillford.com'>www.breamanmerrillford.com</a> (12,400 Triples)</li><li><a href='http://www.re.ocregister.com'>re.ocregister.com</a> (12,085 Triples)</li><li><a href='http://www.www.kelkoo.com'>www.kelkoo.com</a> (11,864 Triples)</li><li><a href='http://www.www.mb-kc.com'>www.mb-kc.com</a> (11,200 Triples)</li><li><a href='http://www.www.hotels.nl'>www.hotels.nl</a> (10,703 Triples)</li><li><a href='http://www.www.nestoria.com.au'>www.nestoria.com.au</a> (10,668 Triples)</li><li><a href='http://www.www.guiajoyerias.com'>www.guiajoyerias.com</a> (10,659 Triples)</li><li><a href='http://www.www.benesserepiu.it'>www.benesserepiu.it</a> (10,645 Triples)</li><li><a href='http://www.www.amador-vallina.com'>www.amador-vallina.com</a> (10,500 Triples)</li><li><a href='http://www.shopping.kelkoo.se'>shopping.kelkoo.se</a> (10,460 Triples)</li><li><a href='http://www.www.lofdirect.co.uk'>www.lofdirect.co.uk</a> (9,762 Triples)</li><li><a href='http://www.www.kuperrealty.com'>www.kuperrealty.com</a> (9,563 Triples)</li><li><a href='http://www.www.guidapsicologi.it'>www.guidapsicologi.it</a> (9,333 Triples)</li><li><a href='http://www.www.krenzennissan.com'>www.krenzennissan.com</a> (9,200 Triples)</li><li><a href='http://www.www.campingside.com'>www.campingside.com</a> (8,840 Triples)</li><li><a href='http://www.redeparede.co.cr'>redeparede.co.cr</a> (8,823 Triples)</li><li><a href='http://www.www.so-pearl.com'>www.so-pearl.com</a> (8,780 Triples)</li><li><a href='http://www.homes.peakhomes.com'>homes.peakhomes.com</a> (8,534 Triples)</li><li><a href='http://www.www.invisiblefenceofsouthlouisiana.com'>www.invisiblefenceofsouthlouisiana.com</a> (8,190 Triples)</li><li><a href='http://www.immobilien.quoka.de'>immobilien.quoka.de</a> (7,992 Triples)</li><li><a href='http://www.www.thehardwarecentre.co.uk'>www.thehardwarecentre.co.uk</a> (7,808 Triples)</li><li><a href='http://www.shopping.gomeo.it'>shopping.gomeo.it</a> (7,708 Triples)</li><li><a href='http://www.www.frenchestateagents.com'>www.frenchestateagents.com</a> (7,700 Triples)</li><li><a href='http://www.www.kidsmuralstore.com'>www.kidsmuralstore.com</a> (7,635 Triples)</li><li><a href='http://www.www.amekoubo.com'>www.amekoubo.com</a> (7,241 Triples)</li><li><a href='http://www.www.wickstromautogroup.com'>www.wickstromautogroup.com</a> (6,976 Triples)</li><li><a href='http://www.www.icerrajeros.com'>www.icerrajeros.com</a> (6,883 Triples)</li><li><a href='http://www.www.portalprogramas.com'>www.portalprogramas.com</a> (6,766 Triples)</li><li><a href='http://www.www.pumper.com'>www.pumper.com</a> (6,720 Triples)</li><li><a href='http://www.www.naturespurest.co.uk'>www.naturespurest.co.uk</a> (6,647 Triples)</li><li><a href='http://www.www.cuxkite.de'>www.cuxkite.de</a> (6,590 Triples)</li><li><a href='http://www.www.tuerstehershop.de'>www.tuerstehershop.de</a> (6,500 Triples)</li><li><a href='http://www.www.krenzenhonda.com'>www.krenzenhonda.com</a> (6,400 Triples)</li><li><a href='http://www.telecharger.tomsguide.fr'>telecharger.tomsguide.fr</a> (6,374 Triples)</li><li><a href='http://www.www.noleggioveicoli365.it'>www.noleggioveicoli365.it</a> (6,270 Triples)</li><li><a href='http://www.www.pollyannapickeringstudio.co.uk'>www.pollyannapickeringstudio.co.uk</a> (6,264 Triples)</li><li><a href='http://www.www.beautystudionurten.de'>www.beautystudionurten.de</a> (6,264 Triples)</li><li><a href='http://www.www.myradiomall.com'>www.myradiomall.com</a> (6,065 Triples)</li><li><a href='http://www.www.pumpertrader.com'>www.pumpertrader.com</a> (5,964 Triples)</li><li><a href='http://www.shopping.kelkoo.no'>shopping.kelkoo.no</a> (5,778 Triples)</li><li><a href='http://www.russdarrow.com'>russdarrow.com</a> (5,760 Triples)</li><li><a href='http://www.www.fillmore.com'>www.fillmore.com</a> (5,710 Triples)</li><li><a href='http://www.www.cosmeticaaloevera.org'>www.cosmeticaaloevera.org</a> (5,690 Triples)</li><li><a href='http://www.www.red17.co.uk'>www.red17.co.uk</a> (5,656 Triples)</li><li><a href='http://www.www.leggett-immo.com'>www.leggett-immo.com</a> (5,435 Triples)</li><li><a href='http://www.www.aagteam.com'>www.aagteam.com</a> (5,280 Triples)</li><li><a href='http://www.viaggi.kelkoo.it'>viaggi.kelkoo.it</a> (5,231 Triples)</li><li><a href='http://www.www.ooyyo.co.uk'>www.ooyyo.co.uk</a> (5,155 Triples)</li><li><a href='http://www.www.solarbotics.com'>www.solarbotics.com</a> (5,135 Triples)</li><li><a href='http://www.www.netcasas.com'>www.netcasas.com</a> (4,809 Triples)</li><li><a href='http://www.rpmhousing.realestate.com'>rpmhousing.realestate.com</a> (4,789 Triples)</li><li><a href='http://www.www.pochindirect.co.uk'>www.pochindirect.co.uk</a> (4,652 Triples)</li><li><a href='http://www.www.muchtease.ca'>www.muchtease.ca</a> (4,620 Triples)</li><li><a href='http://www.www.nothingbutcars.net'>www.nothingbutcars.net</a> (4,610 Triples)</li><li><a href='http://www.www.persimmonhomes.com'>www.persimmonhomes.com</a> (4,605 Triples)</li><li><a href='http://www.www.harrmotors.com'>www.harrmotors.com</a> (4,576 Triples)</li><li><a href='http://www.www.zoolife.by'>www.zoolife.by</a> (4,560 Triples)</li><li><a href='http://www.www.csarven.ca'>www.csarven.ca</a> (4,350 Triples)</li><li><a href='http://www.www.sothebysrealty.com'>www.sothebysrealty.com</a> (4,274 Triples)</li><li><a href='http://www.elcorreogallego.nestoria.es'>elcorreogallego.nestoria.es</a> (4,070 Triples)</li><li><a href='http://www.www.cirurgia.net'>www.cirurgia.net</a> (4,055 Triples)</li><li><a href='http://www.www.ilouelle-mode.com'>www.ilouelle-mode.com</a> (4,040 Triples)</li><li><a href='http://www.russdarrowwauwatosa.com'>russdarrowwauwatosa.com</a> (3,960 Triples)</li><li><a href='http://www.chryslerofmadison.com'>chryslerofmadison.com</a> (3,960 Triples)</li><li><a href='http://www.www.medved.com'>www.medved.com</a> (3,860 Triples)</li><li><a href='http://www.www.place4friends.com'>www.place4friends.com</a> (3,855 Triples)</li><li><a href='http://www.www.obranueva-newhomes.com'>www.obranueva-newhomes.com</a> (3,815 Triples)</li><li><a href='http://www.www.stageguitar.de'>www.stageguitar.de</a> (3,750 Triples)</li><li><a href='http://www.www.stageguitar-online.com'>www.stageguitar-online.com</a> (3,740 Triples)</li><li><a href='http://www.www.medvedsouth.com'>www.medvedsouth.com</a> (3,740 Triples)</li><li><a href='http://www.www.stageguitar.com'>www.stageguitar.com</a> (3,660 Triples)</li><li><a href='http://www.www.shopamigonstro.com'>www.shopamigonstro.com</a> (3,630 Triples)</li><li><a href='http://www.www.akioshop.com'>www.akioshop.com</a> (3,483 Triples)</li><li><a href='http://www.www.wolga-m21-store.de'>www.wolga-m21-store.de</a> (3,460 Triples)</li><li><a href='http://www.crownridgerealestatemi.realestate.com'>crownridgerealestatemi.realestate.com</a> (3,437 Triples)</li><li><a href='http://www.kiaofwaukesha.com'>kiaofwaukesha.com</a> (3,340 Triples)</li><li><a href='http://www.www.temeculamazda.com'>www.temeculamazda.com</a> (3,320 Triples)</li><li><a href='http://www.www.weyrich-edition.be'>www.weyrich-edition.be</a> (3,282 Triples)</li><li><a href='http://www.www.bullionsupermarket.com'>www.bullionsupermarket.com</a> (3,260 Triples)</li><li><a href='http://www.www.sherlock-holms.com'>www.sherlock-holms.com</a> (3,129 Triples)</li><li><a href='http://www.www.andersoncars.com'>www.andersoncars.com</a> (3,078 Triples)</li><li><a href='http://www.www.vicalfonso.com'>www.vicalfonso.com</a> (3,072 Triples)</li><li><a href='http://www.www.latelierduclos.com'>www.latelierduclos.com</a> (3,057 Triples)</li><li><a href='http://www.www.rogersmotors.com'>www.rogersmotors.com</a> (2,944 Triples)</li><li><a href='http://www.www.mundaymazda.com'>www.mundaymazda.com</a> (2,896 Triples)</li><li><a href='http://www.www.priceminister.com'>www.priceminister.com</a> (2,882 Triples)</li><li><a href='http://www.www.dugas.fr'>www.dugas.fr</a> (2,868 Triples)</li><li><a href='http://www.www.crownmotorshonda.com'>www.crownmotorshonda.com</a> (2,840 Triples)</li><li><a href='http://www.www.cleaner.com'>www.cleaner.com</a> (2,832 Triples)</li><li><a href='http://www.www.25forty.com'>www.25forty.com</a> (2,805 Triples)</li><li><a href='http://www.www.billjacobsjoliet.com'>www.billjacobsjoliet.com</a> (2,740 Triples)</li><li><a href='http://www.www.crownmotorsford.com'>www.crownmotorsford.com</a> (2,720 Triples)</li><li><a href='http://www.www.vwofcrystallake.com'>www.vwofcrystallake.com</a> (2,717 Triples)</li><li><a href='http://www.waipiohomefinders.realestate.com'>waipiohomefinders.realestate.com</a> (2,688 Triples)</li><li><a href='http://www.www.hund-um-gluecklich.de'>www.hund-um-gluecklich.de</a> (2,650 Triples)</li><li><a href='http://www.www.newhomes-obranueva.com'>www.newhomes-obranueva.com</a> (2,640 Triples)</li><li><a href='http://www.chryslerofmilwaukee.com'>chryslerofmilwaukee.com</a> (2,640 Triples)</li><li><a href='http://www.russdarrowmadison.com'>russdarrowmadison.com</a> (2,640 Triples)</li><li><a href='http://www.chryslerofwestbend.com'>chryslerofwestbend.com</a> (2,640 Triples)</li><li><a href='http://www.www.turpincars.com'>www.turpincars.com</a> (2,590 Triples)</li><li><a href='http://www.www.kendallhonda.com'>www.kendallhonda.com</a> (2,560 Triples)</li><li><a href='http://www.www.fremontmotors.com'>www.fremontmotors.com</a> (2,560 Triples)</li><li><a href='http://www.www.swissrace.ch'>www.swissrace.ch</a> (2,513 Triples)</li><li><a href='http://www.8h.sk'>8h.sk</a> (2,500 Triples)</li><li><a href='http://www.www.be-in.ru'>www.be-in.ru</a> (2,484 Triples)</li><li><a href='http://www.www.suburbanford.net'>www.suburbanford.net</a> (2,480 Triples)</li><li><a href='http://www.www.in4yofi.co.il'>www.in4yofi.co.il</a> (2,472 Triples)</li><li><a href='http://www.www.beschlaghaus.de'>www.beschlaghaus.de</a> (2,460 Triples)</li><li><a href='http://www.kiaoffonddulac.com'>kiaoffonddulac.com</a> (2,460 Triples)</li><li><a href='http://www.www.sellerialacolombaia.com'>www.sellerialacolombaia.com</a> (2,440 Triples)</li><li><a href='http://www.kiaofappleton.com'>kiaofappleton.com</a> (2,420 Triples)</li><li><a href='http://www.russdarrowmazda.com'>russdarrowmazda.com</a> (2,420 Triples)</li><li><a href='http://www.www.medvednorth.com'>www.medvednorth.com</a> (2,400 Triples)</li><li><a href='http://www.www.jhsir.com'>www.jhsir.com</a> (2,398 Triples)</li><li><a href='http://www.www.larrygewekeford.com'>www.larrygewekeford.com</a> (2,384 Triples)</li><li><a href='http://www.mercedes.sunmotorcars.com'>mercedes.sunmotorcars.com</a> (2,380 Triples)</li><li><a href='http://www.www.fortauto.com'>www.fortauto.com</a> (2,368 Triples)</li><li><a href='http://www.www.imshopping.com'>www.imshopping.com</a> (2,343 Triples)</li><li><a href='http://www.www.elsawek.fr'>www.elsawek.fr</a> (2,340 Triples)</li><li><a href='http://www.www.topwatch3000.com'>www.topwatch3000.com</a> (2,313 Triples)</li><li><a href='http://www.www.minitaladro.mx'>www.minitaladro.mx</a> (2,313 Triples)</li><li><a href='http://www.www.alexandria-motors.com'>www.alexandria-motors.com</a> (2,299 Triples)</li><li><a href='http://www.www.ooyyo.ch'>www.ooyyo.ch</a> (2,280 Triples)</li><li><a href='http://www.www.ooyyo.co.nz'>www.ooyyo.co.nz</a> (2,280 Triples)</li><li><a href='http://www.realestate.reporternews.com'>realestate.reporternews.com</a> (2,265 Triples)</li><li><a href='http://www.www.royalsouthtoyota.com'>www.royalsouthtoyota.com</a> (2,260 Triples)</li><li><a href='http://www.www.aufildelo.com'>www.aufildelo.com</a> (2,250 Triples)</li><li><a href='http://www.www.ooyyo.com.pe'>www.ooyyo.com.pe</a> (2,240 Triples)</li><li><a href='http://www.www.ooyyo.com.mx'>www.ooyyo.com.mx</a> (2,240 Triples)</li><li><a href='http://www.www.ooyyo.com.au'>www.ooyyo.com.au</a> (2,240 Triples)</li><li><a href='http://www.www.ooyyo.com.br'>www.ooyyo.com.br</a> (2,240 Triples)</li><li><a href='http://www.www.ooyyo.at'>www.ooyyo.at</a> (2,240 Triples)</li><li><a href='http://www.www.ooyyo.ba'>www.ooyyo.ba</a> (2,240 Triples)</li><li><a href='http://www.www.ooyyo.be'>www.ooyyo.be</a> (2,240 Triples)</li><li><a href='http://www.www.ooyyo.ca'>www.ooyyo.ca</a> (2,240 Triples)</li><li><a href='http://www.www.royalsouthmazda.com'>www.royalsouthmazda.com</a> (2,240 Triples)</li><li><a href='http://www.www.ooyyo.com.ve'>www.ooyyo.com.ve</a> (2,240 Triples)</li><li><a href='http://www.www.wickstromford.com'>www.wickstromford.com</a> (2,224 Triples)</li><li><a href='http://www.travel.kelkoo.co.uk'>travel.kelkoo.co.uk</a> (2,204 Triples)</li><li><a href='http://www.russdarrowchrysler.com'>russdarrowchrysler.com</a> (2,200 Triples)</li><li><a href='http://www.www.ooyyo.cl'>www.ooyyo.cl</a> (2,200 Triples)</li><li><a href='http://www.russdarrowkia.com'>russdarrowkia.com</a> (2,200 Triples)</li><li><a href='http://www.www.kellygrimsleyhonda.com'>www.kellygrimsleyhonda.com</a> (2,200 Triples)</li><li><a href='http://www.www.rontonkinacura.com'>www.rontonkinacura.com</a> (2,192 Triples)</li><li><a href='http://www.lombardtoyota.com'>lombardtoyota.com</a> (2,187 Triples)</li><li><a href='http://www.www.andersonmazda.com'>www.andersonmazda.com</a> (2,185 Triples)</li><li><a href='http://www.shopsullivanauto.com'>shopsullivanauto.com</a> (2,171 Triples)</li><li><a href='http://www.www.sunburymotors.com'>www.sunburymotors.com</a> (2,166 Triples)</li><li><a href='http://www.www.ooyyo.com.co'>www.ooyyo.com.co</a> (2,160 Triples)</li><li><a href='http://www.www.ooyyo.ie'>www.ooyyo.ie</a> (2,160 Triples)</li><li><a href='http://www.circleautomotive.com'>circleautomotive.com</a> (2,101 Triples)</li><li><a href='http://www.russdarrowhonda.com'>russdarrowhonda.com</a> (2,100 Triples)</li><li><a href='http://www.www.ledosvet.com'>www.ledosvet.com</a> (2,100 Triples)</li><li><a href='http://www.www.sensorking.com'>www.sensorking.com</a> (2,080 Triples)</li><li><a href='http://www.www.e-lamp.jp'>www.e-lamp.jp</a> (2,050 Triples)</li><li><a href='http://www.taobao.etaojin.com.cn'>taobao.etaojin.com.cn</a> (2,048 Triples)</li><li><a href='http://www.www.soundandtvrepair.com'>www.soundandtvrepair.com</a> (2,040 Triples)</li><li><a href='http://www.www.thornhamcarsales.co.uk'>www.thornhamcarsales.co.uk</a> (2,028 Triples)</li><li><a href='http://www.bmw.sunmotorcars.com'>bmw.sunmotorcars.com</a> (2,026 Triples)</li><li><a href='http://www.mitsubishiwaukesha.com'>mitsubishiwaukesha.com</a> (2,020 Triples)</li><li><a href='http://www.www.ashland-honda.com'>www.ashland-honda.com</a> (2,020 Triples)</li><li><a href='http://www.www.newimmo.lu'>www.newimmo.lu</a> (2,016 Triples)</li><li><a href='http://www.www.germainnissan.com'>www.germainnissan.com</a> (2,000 Triples)</li><li><a href='http://www.img.apronet.hu'>img.apronet.hu</a> (2,000 Triples)</li><li><a href='http://www.www.lenzauto.com'>www.lenzauto.com</a> (2,000 Triples)</li><li><a href='http://www.www.scalepeople.com'>www.scalepeople.com</a> (1,995 Triples)</li><li><a href='http://www.www.hitched.ie'>www.hitched.ie</a> (1,984 Triples)</li><li><a href='http://www.www.tonkingreshamhonda.com'>www.tonkingreshamhonda.com</a> (1,981 Triples)</li><li><a href='http://www.nissan.butlerauto.com'>nissan.butlerauto.com</a> (1,980 Triples)</li><li><a href='http://www.www.priceright-cars.co.uk'>www.priceright-cars.co.uk</a> (1,974 Triples)</li><li><a href='http://www.www.rontonkinhonda.com'>www.rontonkinhonda.com</a> (1,969 Triples)</li><li><a href='http://www.www.willmanndesign.de'>www.willmanndesign.de</a> (1,968 Triples)</li><li><a href='http://www.www.tonkinchevrolet.com'>www.tonkinchevrolet.com</a> (1,959 Triples)</li><li><a href='http://www.bmwoforlandpark.com'>bmwoforlandpark.com</a> (1,953 Triples)</li><li><a href='http://www.www.suburbanautogroup.com'>www.suburbanautogroup.com</a> (1,920 Triples)</li><li><a href='http://www.www.alanwebbmitsubishi.com'>www.alanwebbmitsubishi.com</a> (1,920 Triples)</li><li><a href='http://www.www.geweke.com'>www.geweke.com</a> (1,920 Triples)</li><li><a href='http://www.www.kentdobbs.com'>www.kentdobbs.com</a> (1,920 Triples)</li><li><a href='http://www.www.tonkindodge.com'>www.tonkindodge.com</a> (1,920 Triples)</li><li><a href='http://www.www.kendallchevroletofeugene.com'>www.kendallchevroletofeugene.com</a> (1,920 Triples)</li><li><a href='http://www.www.williamsonhonda.com'>www.williamsonhonda.com</a> (1,920 Triples)</li><li><a href='http://www.www.kendalltoyotaofanchorage.com'>www.kendalltoyotaofanchorage.com</a> (1,920 Triples)</li><li><a href='http://www.www.vancouvertoyota.com'>www.vancouvertoyota.com</a> (1,920 Triples)</li><li><a href='http://www.www.tonkinwilsonvillenissan.com'>www.tonkinwilsonvillenissan.com</a> (1,904 Triples)</li><li><a href='http://www.www.alexanderdodge.com'>www.alexanderdodge.com</a> (1,872 Triples)</li><li><a href='http://www.toyota.butlerauto.com'>toyota.butlerauto.com</a> (1,870 Triples)</li><li><a href='http://www.www.tonkinkia.com'>www.tonkinkia.com</a> (1,866 Triples)</li><li><a href='http://www.www.royalsouthvolvo.com'>www.royalsouthvolvo.com</a> (1,860 Triples)</li><li><a href='http://www.www.tonkintoyota.com'>www.tonkintoyota.com</a> (1,854 Triples)</li><li><a href='http://www.mccarthyfordinc.com'>mccarthyfordinc.com</a> (1,848 Triples)</li><li><a href='http://www.www.vanhorndodge.com'>www.vanhorndodge.com</a> (1,840 Triples)</li><li><a href='http://www.russdarrowtoyota.com'>russdarrowtoyota.com</a> (1,833 Triples)</li><li><a href='http://www.www.mjcmotors.co.uk'>www.mjcmotors.co.uk</a> (1,806 Triples)</li><li><a href='http://www.casas-portugal.netcasas.com'>casas-portugal.netcasas.com</a> (1,802 Triples)</li><li><a href='http://www.www.equator-news.com'>www.equator-news.com</a> (1,793 Triples)</li><li><a href='http://www.www.brigitteschuster.com'>www.brigitteschuster.com</a> (1,790 Triples)</li><li><a href='http://www.www.rontonkinmazda.com'>www.rontonkinmazda.com</a> (1,790 Triples)</li><li><a href='http://www.www.perthkia.ca'>www.perthkia.ca</a> (1,780 Triples)</li><li><a href='http://www.www.maplekoi.co.uk'>www.maplekoi.co.uk</a> (1,770 Triples)</li><li><a href='http://www.russdarrownissan.com'>russdarrownissan.com</a> (1,760 Triples)</li><li><a href='http://www.www.larrygewekekia.com'>www.larrygewekekia.com</a> (1,760 Triples)</li><li><a href='http://www.www.fremontmotorco.com'>www.fremontmotorco.com</a> (1,760 Triples)</li><li><a href='http://www.www.skillsforenterprise.co.uk'>www.skillsforenterprise.co.uk</a> (1,749 Triples)</li><li><a href='http://www.www.sunvalleysir.com'>www.sunvalleysir.com</a> (1,697 Triples)</li><li><a href='http://www.planethondaonline.com'>planethondaonline.com</a> (1,692 Triples)</li><li><a href='http://www.www.hamc-nomads.com'>www.hamc-nomads.com</a> (1,680 Triples)</li><li><a href='http://www.www.mjautosales.co.uk'>www.mjautosales.co.uk</a> (1,680 Triples)</li><li><a href='http://www.www.edge17.com'>www.edge17.com</a> (1,670 Triples)</li><li><a href='http://www.www.rontonkinhyundai.com'>www.rontonkinhyundai.com</a> (1,654 Triples)</li><li><a href='http://www.www.bdsm-moebel.ch'>www.bdsm-moebel.ch</a> (1,650 Triples)</li><li><a href='http://www.www.fremonttoyotalander.com'>www.fremonttoyotalander.com</a> (1,648 Triples)</li><li><a href='http://www.www.brunopescashop.com'>www.brunopescashop.com</a> (1,628 Triples)</li><li><a href='http://www.www.kendallacuraofeugene.com'>www.kendallacuraofeugene.com</a> (1,616 Triples)</li><li><a href='http://www.www.superiorchevroletonline.com'>www.superiorchevroletonline.com</a> (1,616 Triples)</li><li><a href='http://www.www.slmotors.com'>www.slmotors.com</a> (1,600 Triples)</li><li><a href='http://www.www.terrywiseman.com'>www.terrywiseman.com</a> (1,600 Triples)</li><li><a href='http://www.www.crystalmazda.com'>www.crystalmazda.com</a> (1,600 Triples)</li><li><a href='http://www.www.davesyverson.com'>www.davesyverson.com</a> (1,600 Triples)</li><li><a href='http://www.www.khautos.co.uk'>www.khautos.co.uk</a> (1,590 Triples)</li><li><a href='http://www.audiporsche.sunmotorcars.com'>audiporsche.sunmotorcars.com</a> (1,588 Triples)</li><li><a href='http://www.mercedesoforland.com'>mercedesoforland.com</a> (1,573 Triples)</li><li><a href='http://www.www.proveedores.com'>www.proveedores.com</a> (1,573 Triples)</li><li><a href='http://www.www.crossroads-motors.co.uk'>www.crossroads-motors.co.uk</a> (1,572 Triples)</li><li><a href='http://www.www.longmarsh.co.uk'>www.longmarsh.co.uk</a> (1,569 Triples)</li><li><a href='http://www.www.kotitehdas.fi'>www.kotitehdas.fi</a> (1,557 Triples)</li><li><a href='http://www.www.bigskysothebysrealty.com'>www.bigskysothebysrealty.com</a> (1,555 Triples)</li><li><a href='http://www.www.sandrmotors.co.uk'>www.sandrmotors.co.uk</a> (1,544 Triples)</li><li><a href='http://www.www.buyevscars.com'>www.buyevscars.com</a> (1,540 Triples)</li><li><a href='http://www.planettoyotaonline.com'>planettoyotaonline.com</a> (1,540 Triples)</li><li><a href='http://www.www.glaciersir.com'>www.glaciersir.com</a> (1,538 Triples)</li><li><a href='http://www.realestate.homemarketnow.com'>realestate.homemarketnow.com</a> (1,528 Triples)</li><li><a href='http://www.www.rodluc-music.com'>www.rodluc-music.com</a> (1,500 Triples)</li><li><a href='http://www.www.itsydeal.com'>www.itsydeal.com</a> (1,495 Triples)</li><li><a href='http://www.www.med-baza.ru'>www.med-baza.ru</a> (1,490 Triples)</li><li><a href='http://www.www.lomondautocentre.co.uk'>www.lomondautocentre.co.uk</a> (1,472 Triples)</li><li><a href='http://www.www.playgroundbasics.co.uk'>www.playgroundbasics.co.uk</a> (1,456 Triples)</li><li><a href='http://www.www.ascentsir.com'>www.ascentsir.com</a> (1,454 Triples)</li><li><a href='http://www.www.nestoria.fr'>www.nestoria.fr</a> (1,430 Triples)</li><li><a href='http://www.www.billjacobsplainfield.com'>www.billjacobsplainfield.com</a> (1,427 Triples)</li><li><a href='http://www.www.owatonnafordchrysler.com'>www.owatonnafordchrysler.com</a> (1,420 Triples)</li><li><a href='http://www.www.emotionsurf.com'>www.emotionsurf.com</a> (1,419 Triples)</li><li><a href='http://www.www.5thgearcarsales.co.uk'>www.5thgearcarsales.co.uk</a> (1,413 Triples)</li><li><a href='http://www.www.elamore-shop.com'>www.elamore-shop.com</a> (1,410 Triples)</li><li><a href='http://www.www.suburbanchevrolet.net'>www.suburbanchevrolet.net</a> (1,408 Triples)</li><li><a href='http://www.www.rk-weinhandel.de'>www.rk-weinhandel.de</a> (1,406 Triples)</li><li><a href='http://www.classified.cnplus.co.uk'>classified.cnplus.co.uk</a> (1,385 Triples)</li><li><a href='http://www.www.mcconnellchevrolet.com'>www.mcconnellchevrolet.com</a> (1,380 Triples)</li><li><a href='http://www.www.autoreparatur-holy.net'>www.autoreparatur-holy.net</a> (1,380 Triples)</li><li><a href='http://www.www.fleetdirectofdoncaster.co.uk'>www.fleetdirectofdoncaster.co.uk</a> (1,370 Triples)</li><li><a href='http://www.www.ekr-recordz.de'>www.ekr-recordz.de</a> (1,350 Triples)</li><li><a href='http://www.www.charity-gifts.org'>www.charity-gifts.org</a> (1,348 Triples)</li><li><a href='http://www.www.kendallhondaoffairbanks.com'>www.kendallhondaoffairbanks.com</a> (1,344 Triples)</li><li><a href='http://www.www.howemotors.co.uk'>www.howemotors.co.uk</a> (1,341 Triples)</li><li><a href='http://www.www.venus-diffusion.com'>www.venus-diffusion.com</a> (1,326 Triples)</li><li><a href='http://www.www.ooyyo.co.za'>www.ooyyo.co.za</a> (1,320 Triples)</li><li><a href='http://www.www.kunescountry.com'>www.kunescountry.com</a> (1,320 Triples)</li><li><a href='http://www.m-et-m-creations.jimdo.com'>m-et-m-creations.jimdo.com</a> (1,320 Triples)</li><li><a href='http://www.www.ooyyo.co.cr'>www.ooyyo.co.cr</a> (1,320 Triples)</li><li><a href='http://www.www.countrycarsales.co.uk'>www.countrycarsales.co.uk</a> (1,305 Triples)</li><li><a href='http://www.www.macintyrechevrolet.com'>www.macintyrechevrolet.com</a> (1,300 Triples)</li><li><a href='http://www.www.customdealerwebsite.com'>www.customdealerwebsite.com</a> (1,300 Triples)</li><li><a href='http://www.www.macdonaldmotors.com'>www.macdonaldmotors.com</a> (1,296 Triples)</li><li><a href='http://www.www.sbillau.co.uk'>www.sbillau.co.uk</a> (1,290 Triples)</li><li><a href='http://www.www.chanacarcentre.co.uk'>www.chanacarcentre.co.uk</a> (1,290 Triples)</li><li><a href='http://www.www.alanwebbnissan.com'>www.alanwebbnissan.com</a> (1,280 Triples)</li><li><a href='http://www.www.carsbycampbell.com'>www.carsbycampbell.com</a> (1,280 Triples)</li><li><a href='http://www.www.t-bodhran.com'>www.t-bodhran.com</a> (1,280 Triples)</li><li><a href='http://www.www.alanwebbautogroup.com'>www.alanwebbautogroup.com</a> (1,280 Triples)</li><li><a href='http://www.www.kellyford.com'>www.kellyford.com</a> (1,280 Triples)</li><li><a href='http://www.www.kendalltoyotaofeugene.com'>www.kendalltoyotaofeugene.com</a> (1,280 Triples)</li><li><a href='http://www.www.audiwilsonville.com'>www.audiwilsonville.com</a> (1,280 Triples)</li><li><a href='http://www.www.kendallsubaruoffairbanks.com'>www.kendallsubaruoffairbanks.com</a> (1,280 Triples)</li><li><a href='http://www.www.hendersonmitsubishi.com'>www.hendersonmitsubishi.com</a> (1,280 Triples)</li><li><a href='http://www.www.kendallsubaruofeugene.com'>www.kendallsubaruofeugene.com</a> (1,280 Triples)</li><li><a href='http://www.www.kendallfordwasilla.com'>www.kendallfordwasilla.com</a> (1,280 Triples)</li><li><a href='http://www.www.ashland-toyota.com'>www.ashland-toyota.com</a> (1,280 Triples)</li><li><a href='http://www.www.countoncourtesymazda.com'>www.countoncourtesymazda.com</a> (1,280 Triples)</li><li><a href='http://www.www.craignairnlimited.co.uk'>www.craignairnlimited.co.uk</a> (1,257 Triples)</li><li><a href='http://www.www.haus-garten-onlineshop.de'>www.haus-garten-onlineshop.de</a> (1,250 Triples)</li><li><a href='http://www.www.badminton-bruay.com'>www.badminton-bruay.com</a> (1,250 Triples)</li><li><a href='http://www.www.scottishmotorservices.co.uk'>www.scottishmotorservices.co.uk</a> (1,248 Triples)</li><li><a href='http://www.www.marco-polo-reisen.com'>www.marco-polo-reisen.com</a> (1,246 Triples)</li><li><a href='http://www.www.servicedtraiteur.com'>www.servicedtraiteur.com</a> (1,243 Triples)</li><li><a href='http://www.www.hyundaiofbentonville.com'>www.hyundaiofbentonville.com</a> (1,232 Triples)</li><li><a href='http://www.www.fresh-lollipop.de'>www.fresh-lollipop.de</a> (1,220 Triples)</li><li><a href='http://www.butlerauto.com'>butlerauto.com</a> (1,220 Triples)</li><li><a href='http://www.www.stringfellows-outlet.com'>www.stringfellows-outlet.com</a> (1,213 Triples)</li><li><a href='http://www.www.wrightcarcentre.co.uk'>www.wrightcarcentre.co.uk</a> (1,206 Triples)</li><li><a href='http://www.www.wrightsmotors.co.uk'>www.wrightsmotors.co.uk</a> (1,203 Triples)</li><li><a href='http://www.www.tombensonchevy.com'>www.tombensonchevy.com</a> (1,200 Triples)</li><li><a href='http://www.www.vanhornchev.com'>www.vanhornchev.com</a> (1,200 Triples)</li><li><a href='http://www.www.roverhanover.com'>www.roverhanover.com</a> (1,200 Triples)</li><li><a href='http://www.www.rochestermotorcars.com'>www.rochestermotorcars.com</a> (1,200 Triples)</li><li><a href='http://www.www.crystaltoyota.com'>www.crystaltoyota.com</a> (1,200 Triples)</li><li><a href='http://www.www.pattypeckhonda.com'>www.pattypeckhonda.com</a> (1,200 Triples)</li><li><a href='http://www.www.zimbrickfishhatcheryroad.com'>www.zimbrickfishhatcheryroad.com</a> (1,200 Triples)</li><li><a href='http://www.www.rhinelanderhonda.com'>www.rhinelanderhonda.com</a> (1,200 Triples)</li><li><a href='http://www.www.valleycardealers.com'>www.valleycardealers.com</a> (1,200 Triples)</li><li><a href='http://www.www.billjacobskia.com'>www.billjacobskia.com</a> (1,200 Triples)</li><li><a href='http://www.www.kansasstatecars.com'>www.kansasstatecars.com</a> (1,200 Triples)</li><li><a href='http://www.www.billjacobsauto.com'>www.billjacobsauto.com</a> (1,200 Triples)</li><li><a href='http://www.www.billjacobsmitsubishi.com'>www.billjacobsmitsubishi.com</a> (1,200 Triples)</li><li><a href='http://www.www.billjacobsmazda.com'>www.billjacobsmazda.com</a> (1,200 Triples)</li><li><a href='http://www.www.bensonhonda.com'>www.bensonhonda.com</a> (1,200 Triples)</li><li><a href='http://www.www.syversonnissan.com'>www.syversonnissan.com</a> (1,200 Triples)</li><li><a href='http://www.www.homerunautosales.com'>www.homerunautosales.com</a> (1,200 Triples)</li><li><a href='http://www.www.zenshiatsuchicago.org'>www.zenshiatsuchicago.org</a> (1,200 Triples)</li><li><a href='http://www.www.arniebauer.com'>www.arniebauer.com</a> (1,200 Triples)</li><li><a href='http://www.www.weberverlag.ch'>www.weberverlag.ch</a> (1,190 Triples)</li><li><a href='http://www.www.mmccarsales.co.uk'>www.mmccarsales.co.uk</a> (1,188 Triples)</li><li><a href='http://www.www.docis-shop.de'>www.docis-shop.de</a> (1,188 Triples)</li><li><a href='http://www.www.edwardscarcompany.co.uk'>www.edwardscarcompany.co.uk</a> (1,182 Triples)</li><li><a href='http://www.www.tes.co.uk'>www.tes.co.uk</a> (1,180 Triples)</li><li><a href='http://www.schepelcadillac.com'>schepelcadillac.com</a> (1,176 Triples)</li><li><a href='http://www.staging.ypautos.com'>staging.ypautos.com</a> (1,173 Triples)</li><li><a href='http://www.www.adventino.co.uk'>www.adventino.co.uk</a> (1,171 Triples)</li><li><a href='http://www.www.mainewheels.com'>www.mainewheels.com</a> (1,171 Triples)</li><li><a href='http://www.kia.butlerauto.com'>kia.butlerauto.com</a> (1,162 Triples)</li><li><a href='http://www.www.skifrenchproperty.com'>www.skifrenchproperty.com</a> (1,160 Triples)</li><li><a href='http://www.www.windmillautos.co.uk'>www.windmillautos.co.uk</a> (1,155 Triples)</li><li><a href='http://www.www.a1motabitz.co.uk'>www.a1motabitz.co.uk</a> (1,148 Triples)</li><li><a href='http://www.www.fernsidemotor.co.uk'>www.fernsidemotor.co.uk</a> (1,146 Triples)</li><li><a href='http://www.www.1stchoiceealingmotors.co.uk'>www.1stchoiceealingmotors.co.uk</a> (1,144 Triples)</li><li><a href='http://www.www.coprestige.co.uk'>www.coprestige.co.uk</a> (1,137 Triples)</li><li><a href='http://www.www.aspenskihomes.com'>www.aspenskihomes.com</a> (1,123 Triples)</li><li><a href='http://www.www.logicagiochi.com'>www.logicagiochi.com</a> (1,120 Triples)</li><li><a href='http://www.www.karzplusrv.com'>www.karzplusrv.com</a> (1,120 Triples)</li><li><a href='http://www.www.gandm-motors.co.uk'>www.gandm-motors.co.uk</a> (1,119 Triples)</li><li><a href='http://www.www.alynbrewis.co.uk'>www.alynbrewis.co.uk</a> (1,113 Triples)</li><li><a href='http://www.www.fremonttoyotasheridan.com'>www.fremonttoyotasheridan.com</a> (1,104 Triples)</li><li><a href='http://www.www.668sh.com'>www.668sh.com</a> (1,100 Triples)</li><li><a href='http://www.www.pudseyservicecentre.co.uk'>www.pudseyservicecentre.co.uk</a> (1,091 Triples)</li><li><a href='http://www.www.selectcarssheffieldltd.co.uk'>www.selectcarssheffieldltd.co.uk</a> (1,090 Triples)</li><li><a href='http://www.www.adamwalterscars.co.uk'>www.adamwalterscars.co.uk</a> (1,071 Triples)</li><li><a href='http://www.www.sjraynercars.co.uk'>www.sjraynercars.co.uk</a> (1,068 Triples)</li><li><a href='http://www.www.stoughtoncarsales.co.uk'>www.stoughtoncarsales.co.uk</a> (1,065 Triples)</li><li><a href='http://www.www.lomondcarcentre.co.uk'>www.lomondcarcentre.co.uk</a> (1,059 Triples)</li><li><a href='http://www.www.murisoncarsrosehill.co.uk'>www.murisoncarsrosehill.co.uk</a> (1,059 Triples)</li><li><a href='http://www.www.first4car.com'>www.first4car.com</a> (1,053 Triples)</li><li><a href='http://www.www.ullmax-shop.de'>www.ullmax-shop.de</a> (1,052 Triples)</li><li><a href='http://www.www.taylormotorcompany.net'>www.taylormotorcompany.net</a> (1,047 Triples)</li><li><a href='http://www.www.nepx.co.uk'>www.nepx.co.uk</a> (1,043 Triples)</li><li><a href='http://www.www.redpathmclean.co.uk'>www.redpathmclean.co.uk</a> (1,040 Triples)</li><li><a href='http://www.www.nya.org.uk'>www.nya.org.uk</a> (1,033 Triples)</li><li><a href='http://www.www.stevesmithmotorcompany.co.uk'>www.stevesmithmotorcompany.co.uk</a> (1,032 Triples)</li><li><a href='http://www.www.saundersabbott.co.uk'>www.saundersabbott.co.uk</a> (1,029 Triples)</li><li><a href='http://www.www.newmacharmotors.co.uk'>www.newmacharmotors.co.uk</a> (1,026 Triples)</li><li><a href='http://www.www.chestercarsupermarket.com'>www.chestercarsupermarket.com</a> (1,025 Triples)</li><li><a href='http://www.www.hammondroadgarage.co.uk'>www.hammondroadgarage.co.uk</a> (1,024 Triples)</li><li><a href='http://www.www.kuk-promo.de'>www.kuk-promo.de</a> (1,020 Triples)</li><li><a href='http://www.www.helixcarsales.co.uk'>www.helixcarsales.co.uk</a> (1,019 Triples)</li><li><a href='http://www.www.kassamcarsales.co.uk'>www.kassamcarsales.co.uk</a> (1,014 Triples)</li><li><a href='http://www.www.1001aerosols.com'>www.1001aerosols.com</a> (1,014 Triples)</li><li><a href='http://www.www.bedmondmc.co.uk'>www.bedmondmc.co.uk</a> (1,014 Triples)</li><li><a href='http://www.www.k-carswelwyn.co.uk'>www.k-carswelwyn.co.uk</a> (1,011 Triples)</li><li><a href='http://www.www.millenniummotorsedinburgh.co.uk'>www.millenniummotorsedinburgh.co.uk</a> (1,003 Triples)</li><li><a href='http://www.www.billblackauto.com'>www.billblackauto.com</a> (1,000 Triples)</li><li><a href='http://www.www.mg-boldor.de'>www.mg-boldor.de</a> (1,000 Triples)</li><li><a href='http://www.www.costabravabeaches.com'>www.costabravabeaches.com</a> (999 Triples)</li><li><a href='http://www.www.burnagemotors.co.uk'>www.burnagemotors.co.uk</a> (996 Triples)</li><li><a href='http://www.www.apartamento-directo.com'>www.apartamento-directo.com</a> (994 Triples)</li><li><a href='http://www.www.celticcars.com'>www.celticcars.com</a> (993 Triples)</li><li><a href='http://www.www.parkwaycarsales.co.uk'>www.parkwaycarsales.co.uk</a> (991 Triples)</li><li><a href='http://www.www.edition-verbrueggen.de'>www.edition-verbrueggen.de</a> (990 Triples)</li><li><a href='http://www.www.dcc-cars.co.uk'>www.dcc-cars.co.uk</a> (990 Triples)</li><li><a href='http://www.www.wyestream.co.uk'>www.wyestream.co.uk</a> (986 Triples)</li><li><a href='http://www.www.mswmag.com'>www.mswmag.com</a> (982 Triples)</li><li><a href='http://www.www.lostdogcoffee.com'>www.lostdogcoffee.com</a> (980 Triples)</li><li><a href='http://www.www.stirlingsir.com'>www.stirlingsir.com</a> (979 Triples)</li><li><a href='http://www.www.forestpartner.com'>www.forestpartner.com</a> (976 Triples)</li><li><a href='http://www.www.dashcars.co.uk'>www.dashcars.co.uk</a> (975 Triples)</li><li><a href='http://www.www.kingswaymotorcompany.co.uk'>www.kingswaymotorcompany.co.uk</a> (969 Triples)</li><li><a href='http://www.www.donation4charity.org'>www.donation4charity.org</a> (968 Triples)</li><li><a href='http://www.www.courseandbeacham.com'>www.courseandbeacham.com</a> (963 Triples)</li><li><a href='http://www.www.schoffel.co.uk'>www.schoffel.co.uk</a> (960 Triples)</li><li><a href='http://www.www.norwichcarcentre.co.uk'>www.norwichcarcentre.co.uk</a> (957 Triples)</li><li><a href='http://www.www.whitesmotors.co.uk'>www.whitesmotors.co.uk</a> (948 Triples)</li><li><a href='http://www.www.autopflege-online-shop.de'>www.autopflege-online-shop.de</a> (946 Triples)</li><li><a href='http://www.www.milnathortmotors.co.uk'>www.milnathortmotors.co.uk</a> (942 Triples)</li><li><a href='http://www.southsuburbanmitsubishi.com'>southsuburbanmitsubishi.com</a> (933 Triples)</li><li><a href='http://www.www.in4jewels.co.il'>www.in4jewels.co.il</a> (928 Triples)</li><li><a href='http://www.www.wvlsales.co.uk'>www.wvlsales.co.uk</a> (926 Triples)</li><li><a href='http://www.www.flcgroup.co.uk'>www.flcgroup.co.uk</a> (924 Triples)</li><li><a href='http://www.www.grahamhiltoncars.co.uk'>www.grahamhiltoncars.co.uk</a> (924 Triples)</li><li><a href='http://www.www.beechmotorco.co.uk'>www.beechmotorco.co.uk</a> (915 Triples)</li><li><a href='http://www.www.lesrayner-foxhunters.co.uk'>www.lesrayner-foxhunters.co.uk</a> (912 Triples)</li><li><a href='http://www.www.harlequinmotorcompany.co.uk'>www.harlequinmotorcompany.co.uk</a> (906 Triples)</li><li><a href='http://www.www.cross-carsales.co.uk'>www.cross-carsales.co.uk</a> (905 Triples)</li><li><a href='http://www.www.oakwood-carsales.co.uk'>www.oakwood-carsales.co.uk</a> (904 Triples)</li><li><a href='http://www.www.burbagemotorcompany.co.uk'>www.burbagemotorcompany.co.uk</a> (904 Triples)</li><li><a href='http://www.www.simpsonmotors.co.uk'>www.simpsonmotors.co.uk</a> (903 Triples)</li><li><a href='http://www.www.cullodencarsales.co.uk'>www.cullodencarsales.co.uk</a> (900 Triples)</li><li><a href='http://www.www.davidjonescars.co.uk'>www.davidjonescars.co.uk</a> (891 Triples)</li><li><a href='http://www.www.djautos.com'>www.djautos.com</a> (882 Triples)</li><li><a href='http://www.www.abcarsalesltd.co.uk'>www.abcarsalesltd.co.uk</a> (882 Triples)</li><li><a href='http://www.www.middletownhonda.com'>www.middletownhonda.com</a> (880 Triples)</li><li><a href='http://www.www.newsouthgatemotorco.co.uk'>www.newsouthgatemotorco.co.uk</a> (870 Triples)</li><li><a href='http://www.www.highmountainshop.com'>www.highmountainshop.com</a> (870 Triples)</li><li><a href='http://www.www.bobsmade.com'>www.bobsmade.com</a> (870 Triples)</li><li><a href='http://www.www.golden-time.co.uk'>www.golden-time.co.uk</a> (869 Triples)</li><li><a href='http://www.www.schuhbau.de'>www.schuhbau.de</a> (864 Triples)</li><li><a href='http://www.www.in4baby.co.il'>www.in4baby.co.il</a> (864 Triples)</li><li><a href='http://www.www.cheshamcarandvans.co.uk'>www.cheshamcarandvans.co.uk</a> (864 Triples)</li><li><a href='http://www.www.schuhmachereibaumbach.de'>www.schuhmachereibaumbach.de</a> (864 Triples)</li><li><a href='http://www.www.voloautoexchange.com'>www.voloautoexchange.com</a> (860 Triples)</li><li><a href='http://www.www.lutterworthford.co.uk'>www.lutterworthford.co.uk</a> (859 Triples)</li><li><a href='http://www.www.mdspecialistcars.co.uk'>www.mdspecialistcars.co.uk</a> (858 Triples)</li><li><a href='http://www.www.motormaniacars.co.uk'>www.motormaniacars.co.uk</a> (858 Triples)</li><li><a href='http://www.www.southwickcarcentre.co.uk'>www.southwickcarcentre.co.uk</a> (854 Triples)</li><li><a href='http://www.www.lotipresse.fr'>www.lotipresse.fr</a> (852 Triples)</li><li><a href='http://www.www.calidad-shop.com'>www.calidad-shop.com</a> (850 Triples)</li><li><a href='http://www.www.creation-stefanie.ch'>www.creation-stefanie.ch</a> (840 Triples)</li><li><a href='http://www.www.amhersttoyota.com'>www.amhersttoyota.com</a> (840 Triples)</li><li><a href='http://www.www.roydensltd.co.uk'>www.roydensltd.co.uk</a> (840 Triples)</li><li><a href='http://www.www.dgcmotorco.co.uk'>www.dgcmotorco.co.uk</a> (838 Triples)</li><li><a href='http://www.www.roneoprestige.co.uk'>www.roneoprestige.co.uk</a> (837 Triples)</li><li><a href='http://www.www.sunnisidemotorco.co.uk'>www.sunnisidemotorco.co.uk</a> (834 Triples)</li><li><a href='http://www.www.hondaoftheavenues.com'>www.hondaoftheavenues.com</a> (832 Triples)</li><li><a href='http://www.www.ajautos.com'>www.ajautos.com</a> (831 Triples)</li><li><a href='http://www.www.riversideautos.co.uk'>www.riversideautos.co.uk</a> (822 Triples)</li><li><a href='http://www.www.gleis-welt.de'>www.gleis-welt.de</a> (820 Triples)</li><li><a href='http://www.www.auboisdelabelleetoile.fr'>www.auboisdelabelleetoile.fr</a> (820 Triples)</li><li><a href='http://www.brokersrealtyinfo.realestate.com'>brokersrealtyinfo.realestate.com</a> (816 Triples)</li><li><a href='http://www.www.hucklesbrook.co.uk'>www.hucklesbrook.co.uk</a> (816 Triples)</li><li><a href='http://www.www.braunstonecrossroadsmotors.co.uk'>www.braunstonecrossroadsmotors.co.uk</a> (815 Triples)</li><li><a href='http://www.www.a1speedy.co.uk'>www.a1speedy.co.uk</a> (814 Triples)</li><li><a href='http://www.www.marxenwein.com'>www.marxenwein.com</a> (810 Triples)</li><li><a href='http://www.www.rennsteigsisters.de'>www.rennsteigsisters.de</a> (810 Triples)</li><li><a href='http://www.www.funkydubz.com'>www.funkydubz.com</a> (807 Triples)</li><li><a href='http://www.www.bipodcars.co.uk'>www.bipodcars.co.uk</a> (804 Triples)</li><li><a href='http://www.www.a1motorstores.co.uk'>www.a1motorstores.co.uk</a> (802 Triples)</li><li><a href='http://www.www.stumpfford.com'>www.stumpfford.com</a> (800 Triples)</li><li><a href='http://www.www.grayeppersonmazda.com'>www.grayeppersonmazda.com</a> (800 Triples)</li><li><a href='http://www.www.johnsonautoplex.com'>www.johnsonautoplex.com</a> (800 Triples)</li><li><a href='http://www.www.jimnortontoyota.com'>www.jimnortontoyota.com</a> (800 Triples)</li><li><a href='http://www.www.vandebran.com'>www.vandebran.com</a> (800 Triples)</li><li><a href='http://www.www.villagevw.com'>www.villagevw.com</a> (800 Triples)</li><li><a href='http://www.www.ryanhondaminot.com'>www.ryanhondaminot.com</a> (800 Triples)</li><li><a href='http://www.www.carcreditcenter.net'>www.carcreditcenter.net</a> (800 Triples)</li><li><a href='http://www.www.billjacobscadillac.com'>www.billjacobscadillac.com</a> (800 Triples)</li><li><a href='http://www.www.mattcastruccimazda.com'>www.mattcastruccimazda.com</a> (800 Triples)</li><li><a href='http://www.www.sandiegovolvo.com'>www.sandiegovolvo.com</a> (800 Triples)</li><li><a href='http://www.www.kunesautocarroll.com'>www.kunesautocarroll.com</a> (800 Triples)</li><li><a href='http://www.www.maritimeford.com'>www.maritimeford.com</a> (800 Triples)</li><li><a href='http://www.www.kunesforddelavan.com'>www.kunesforddelavan.com</a> (800 Triples)</li><li><a href='http://www.www.goautoplus.com'>www.goautoplus.com</a> (800 Triples)</li><li><a href='http://www.www.kleinauto.com'>www.kleinauto.com</a> (800 Triples)</li><li><a href='http://www.www.trurotoyota.com'>www.trurotoyota.com</a> (800 Triples)</li><li><a href='http://www.www.rovercapecod.com'>www.rovercapecod.com</a> (800 Triples)</li><li><a href='http://www.www.curridgecarsales.co.uk'>www.curridgecarsales.co.uk</a> (795 Triples)</li><li><a href='http://www.www.jeeplovers.com'>www.jeeplovers.com</a> (795 Triples)</li><li><a href='http://www.www.david-spears.com'>www.david-spears.com</a> (789 Triples)</li><li><a href='http://www.www.paulmorriscars.co.uk'>www.paulmorriscars.co.uk</a> (786 Triples)</li><li><a href='http://www.www.castletamworth.co.uk'>www.castletamworth.co.uk</a> (786 Triples)</li><li><a href='http://www.www.faunadog.com'>www.faunadog.com</a> (785 Triples)</li><li><a href='http://www.www.richmondcarsales.co.uk'>www.richmondcarsales.co.uk</a> (783 Triples)</li><li><a href='http://www.www.pvsautosales.co.uk'>www.pvsautosales.co.uk</a> (777 Triples)</li><li><a href='http://www.www.audenshaws.co.uk'>www.audenshaws.co.uk</a> (774 Triples)</li><li><a href='http://www.www.portwaymotors.co.uk'>www.portwaymotors.co.uk</a> (774 Triples)</li><li><a href='http://www.www.longlandscarsstockton.co.uk'>www.longlandscarsstockton.co.uk</a> (774 Triples)</li><li><a href='http://www.www.dcccarsltd.co.uk'>www.dcccarsltd.co.uk</a> (772 Triples)</li><li><a href='http://www.www.tysonsford.com'>www.tysonsford.com</a> (770 Triples)</li><li><a href='http://www.realestate.venturacountystar.com'>realestate.venturacountystar.com</a> (768 Triples)</li><li><a href='http://www.www.alanstorrarcars.co.uk'>www.alanstorrarcars.co.uk</a> (768 Triples)</li><li><a href='http://www.www.draytonvolvo.co.uk'>www.draytonvolvo.co.uk</a> (765 Triples)</li><li><a href='http://www.www.48hourcanvas.co.uk'>www.48hourcanvas.co.uk</a> (765 Triples)</li><li><a href='http://www.www.atlanticaffordablecars.co.uk'>www.atlanticaffordablecars.co.uk</a> (762 Triples)</li><li><a href='http://www.www.steveclarkecarsltd.co.uk'>www.steveclarkecarsltd.co.uk</a> (762 Triples)</li><li><a href='http://www.www.gtscars.co.uk'>www.gtscars.co.uk</a> (762 Triples)</li><li><a href='http://www.www.croxleycarcentre.co.uk'>www.croxleycarcentre.co.uk</a> (762 Triples)</li><li><a href='http://www.www.richardmullock.co.uk'>www.richardmullock.co.uk</a> (761 Triples)</li><li><a href='http://www.www.kipkillmon.com'>www.kipkillmon.com</a> (760 Triples)</li><li><a href='http://www.www.williampitt.com'>www.williampitt.com</a> (755 Triples)</li><li><a href='http://www.www.media-calm-shop.com'>www.media-calm-shop.com</a> (754 Triples)</li><li><a href='http://www.www.in4consulting.co.il'>www.in4consulting.co.il</a> (752 Triples)</li><li><a href='http://www.www.grahamwalkerltd.co.uk'>www.grahamwalkerltd.co.uk</a> (750 Triples)</li><li><a href='http://www.www.cameldive.com'>www.cameldive.com</a> (749 Triples)</li><li><a href='http://www.www.thesungaragedurham.co.uk'>www.thesungaragedurham.co.uk</a> (746 Triples)</li><li><a href='http://www.www.candytwist.com'>www.candytwist.com</a> (745 Triples)</li><li><a href='http://www.www.accessoriesbyash.com'>www.accessoriesbyash.com</a> (740 Triples)</li><li><a href='http://www.www.ewloehallmotors.co.uk'>www.ewloehallmotors.co.uk</a> (738 Triples)</li><li><a href='http://www.www.zaimoku-ya.com'>www.zaimoku-ya.com</a> (736 Triples)</li><li><a href='http://www.www.carsto-go.co.uk'>www.carsto-go.co.uk</a> (726 Triples)</li><li><a href='http://www.www.nutrieuropa.com'>www.nutrieuropa.com</a> (723 Triples)</li><li><a href='http://www.www.pgitradecentre.co.uk'>www.pgitradecentre.co.uk</a> (722 Triples)</li><li><a href='http://www.www.avsdirect.co.uk'>www.avsdirect.co.uk</a> (720 Triples)</li><li><a href='http://www.www.rennsteigsisters.com'>www.rennsteigsisters.com</a> (720 Triples)</li><li><a href='http://www.www.motorcityplymouth.co.uk'>www.motorcityplymouth.co.uk</a> (714 Triples)</li><li><a href='http://www.www.moncarsales.co.uk'>www.moncarsales.co.uk</a> (714 Triples)</li><li><a href='http://www.www.urmstoncarsales.co.uk'>www.urmstoncarsales.co.uk</a> (711 Triples)</li><li><a href='http://www.www.twyford4x4.co.uk'>www.twyford4x4.co.uk</a> (710 Triples)</li><li><a href='http://www.www.vfmautosales.co.uk'>www.vfmautosales.co.uk</a> (708 Triples)</li><li><a href='http://www.www.custombilt.co.uk'>www.custombilt.co.uk</a> (708 Triples)</li><li><a href='http://www.www.metromotors.co.uk'>www.metromotors.co.uk</a> (707 Triples)</li><li><a href='http://www.www.harveynorman.com.au'>www.harveynorman.com.au</a> (705 Triples)</li><li><a href='http://www.www.junctionautopark.co.uk'>www.junctionautopark.co.uk</a> (704 Triples)</li><li><a href='http://www.www.thecar-shop.com'>www.thecar-shop.com</a> (702 Triples)</li><li><a href='http://www.www.creakauz.com'>www.creakauz.com</a> (700 Triples)</li><li><a href='http://www.www.dvd-mania.fr'>www.dvd-mania.fr</a> (696 Triples)</li><li><a href='http://www.www.meadensofhythe.co.uk'>www.meadensofhythe.co.uk</a> (696 Triples)</li><li><a href='http://www.www.golfballcomeback.de'>www.golfballcomeback.de</a> (695 Triples)</li><li><a href='http://www.www.martinpowley.co.uk'>www.martinpowley.co.uk</a> (693 Triples)</li><li><a href='http://www.www.bidfordmotorcompany.co.uk'>www.bidfordmotorcompany.co.uk</a> (687 Triples)</li><li><a href='http://www.www.jaggersgarage.co.uk'>www.jaggersgarage.co.uk</a> (684 Triples)</li><li><a href='http://www.www.promonthly.com'>www.promonthly.com</a> (684 Triples)</li><li><a href='http://www.www.hendersonsgaragenairn.co.uk'>www.hendersonsgaragenairn.co.uk</a> (684 Triples)</li><li><a href='http://www.www.nutricion-herbalife.com'>www.nutricion-herbalife.com</a> (680 Triples)</li><li><a href='http://www.www.lomiraauto.com'>www.lomiraauto.com</a> (680 Triples)</li><li><a href='http://www.www.newint.org'>www.newint.org</a> (676 Triples)</li><li><a href='http://www.terrys.com'>terrys.com</a> (675 Triples)</li><li><a href='http://www.www.ccd-northeast.co.uk'>www.ccd-northeast.co.uk</a> (674 Triples)</li><li><a href='http://www.www.cassia-inc.com'>www.cassia-inc.com</a> (673 Triples)</li><li><a href='http://www.www.tillyscarsales.co.uk'>www.tillyscarsales.co.uk</a> (672 Triples)</li><li><a href='http://www.www.chocolocoba.com'>www.chocolocoba.com</a> (670 Triples)</li><li><a href='http://www.www.estatemotors.co.uk'>www.estatemotors.co.uk</a> (669 Triples)</li><li><a href='http://www.www.binksofbeccles.co.uk'>www.binksofbeccles.co.uk</a> (666 Triples)</li><li><a href='http://www.www.shelldrakes.co.uk'>www.shelldrakes.co.uk</a> (666 Triples)</li><li><a href='http://www.www.pendlecarcentre.co.uk'>www.pendlecarcentre.co.uk</a> (663 Triples)</li><li><a href='http://www.www.acbl-bobbycar.de'>www.acbl-bobbycar.de</a> (660 Triples)</li><li><a href='http://www.www.pricelessautos.co.uk'>www.pricelessautos.co.uk</a> (660 Triples)</li><li><a href='http://www.www.matroshka.ch'>www.matroshka.ch</a> (660 Triples)</li><li><a href='http://www.www.xways.co.uk'>www.xways.co.uk</a> (660 Triples)</li><li><a href='http://www.www.charminstercarcentre.co.uk'>www.charminstercarcentre.co.uk</a> (657 Triples)</li><li><a href='http://www.www.carleekids.com.au'>www.carleekids.com.au</a> (656 Triples)</li><li><a href='http://www.www.boldmeremotors.co.uk'>www.boldmeremotors.co.uk</a> (654 Triples)</li><li><a href='http://www.www.lymingtoncars.co.uk'>www.lymingtoncars.co.uk</a> (654 Triples)</li><li><a href='http://www.www.manorroadmotorcompany.co.uk'>www.manorroadmotorcompany.co.uk</a> (654 Triples)</li><li><a href='http://www.www.lockwoodandgreenwood.co.uk'>www.lockwoodandgreenwood.co.uk</a> (651 Triples)</li><li><a href='http://www.www.carchoiceteesside.co.uk'>www.carchoiceteesside.co.uk</a> (651 Triples)</li><li><a href='http://www.www.hananoyamashita.com'>www.hananoyamashita.com</a> (650 Triples)</li><li><a href='http://www.www.lovemitsy.co.uk'>www.lovemitsy.co.uk</a> (650 Triples)</li><li><a href='http://www.www.time4sleep.co.uk'>www.time4sleep.co.uk</a> (650 Triples)</li><li><a href='http://www.www.simonsofshropshire.co.uk'>www.simonsofshropshire.co.uk</a> (648 Triples)</li><li><a href='http://www.www.oakmerecars.co.uk'>www.oakmerecars.co.uk</a> (648 Triples)</li><li><a href='http://www.www.cmscepcor.com'>www.cmscepcor.com</a> (645 Triples)</li><li><a href='http://www.www.carshopyeovil.co.uk'>www.carshopyeovil.co.uk</a> (642 Triples)</li><li><a href='http://www.www.kendallkiaoffairbanks.com'>www.kendallkiaoffairbanks.com</a> (640 Triples)</li><li><a href='http://www.www.alanwebbmazda.com'>www.alanwebbmazda.com</a> (640 Triples)</li><li><a href='http://www.www.indianapolischevy.com'>www.indianapolischevy.com</a> (640 Triples)</li><li><a href='http://www.www.kendallauto.com'>www.kendallauto.com</a> (640 Triples)</li><li><a href='http://www.www.kendalltoyotaoffairbanks.com'>www.kendalltoyotaoffairbanks.com</a> (640 Triples)</li><li><a href='http://www.www.hendersonkia.com'>www.hendersonkia.com</a> (640 Triples)</li><li><a href='http://www.www.bradley-chevrolet.com'>www.bradley-chevrolet.com</a> (640 Triples)</li><li><a href='http://www.www.kendallautoalaska.com'>www.kendallautoalaska.com</a> (640 Triples)</li><li><a href='http://www.www.courtesyimports.com'>www.courtesyimports.com</a> (640 Triples)</li><li><a href='http://www.www.kingcottoncovington.com'>www.kingcottoncovington.com</a> (640 Triples)</li><li><a href='http://www.www.kendallford.com'>www.kendallford.com</a> (640 Triples)</li><li><a href='http://www.www.alanwebbchevrolet.com'>www.alanwebbchevrolet.com</a> (640 Triples)</li><li><a href='http://www.www.kendalldodgelewiston.com'>www.kendalldodgelewiston.com</a> (640 Triples)</li><li><a href='http://www.www.hublernissan.com'>www.hublernissan.com</a> (640 Triples)</li><li><a href='http://www.www.fminow.com'>www.fminow.com</a> (640 Triples)</li><li><a href='http://www.www.westliefm.com'>www.westliefm.com</a> (640 Triples)</li><li><a href='http://www.www.kendalltoyotaused.com'>www.kendalltoyotaused.com</a> (640 Triples)</li><li><a href='http://www.www.rogersscion.com'>www.rogersscion.com</a> (640 Triples)</li><li><a href='http://www.www.kendallmazdaoffairbanks.com'>www.kendallmazdaoffairbanks.com</a> (640 Triples)</li><li><a href='http://www.www.lousobh.com'>www.lousobh.com</a> (640 Triples)</li><li><a href='http://www.www.hublermazda.com'>www.hublermazda.com</a> (640 Triples)</li><li><a href='http://www.www.broadwaytoyota.com'>www.broadwaytoyota.com</a> (640 Triples)</li><li><a href='http://www.www.rtgt.com'>www.rtgt.com</a> (640 Triples)</li><li><a href='http://www.www.caerleoncars.com'>www.caerleoncars.com</a> (640 Triples)</li><li><a href='http://www.www.geweketoyota.com'>www.geweketoyota.com</a> (640 Triples)</li><li><a href='http://www.bourgogne-tourisme.com'>bourgogne-tourisme.com</a> (636 Triples)</li><li><a href='http://www.www.graylandsltd.co.uk'>www.graylandsltd.co.uk</a> (636 Triples)</li><li><a href='http://www.www.motorlandsaltash.co.uk'>www.motorlandsaltash.co.uk</a> (636 Triples)</li><li><a href='http://www.www.summerhillmotors.co.uk'>www.summerhillmotors.co.uk</a> (633 Triples)</li><li><a href='http://www.www.luckybaldwins.com'>www.luckybaldwins.com</a> (632 Triples)</li><li><a href='http://www.www.ooyyo.sg'>www.ooyyo.sg</a> (630 Triples)</li><li><a href='http://www.www.ivybridgemotors.co.uk'>www.ivybridgemotors.co.uk</a> (630 Triples)</li><li><a href='http://www.www.charnfield-bilston.co.uk'>www.charnfield-bilston.co.uk</a> (630 Triples)</li><li><a href='http://www.www.seniorcars.co.uk'>www.seniorcars.co.uk</a> (630 Triples)</li><li><a href='http://www.www.parkgarageautosales.co.uk'>www.parkgarageautosales.co.uk</a> (629 Triples)</li><li><a href='http://www.www.roslynmotor.co.uk'>www.roslynmotor.co.uk</a> (628 Triples)</li><li><a href='http://www.www.nissanofportland.com'>www.nissanofportland.com</a> (624 Triples)</li><li><a href='http://www.www.mountain-adventure.de'>www.mountain-adventure.de</a> (620 Triples)</li><li><a href='http://www.www.ayurveda-rhyner-kundenshop.eu'>www.ayurveda-rhyner-kundenshop.eu</a> (620 Triples)</li><li><a href='http://www.www.sparglobus.com'>www.sparglobus.com</a> (620 Triples)</li><li><a href='http://www.www.furnessrigby.co.uk'>www.furnessrigby.co.uk</a> (617 Triples)</li><li><a href='http://www.www.elitecars1.co.uk'>www.elitecars1.co.uk</a> (615 Triples)</li><li><a href='http://www.www.balgoniemotorcompany.co.uk'>www.balgoniemotorcompany.co.uk</a> (614 Triples)</li><li><a href='http://www.www.motorcitycarsales.co.uk'>www.motorcitycarsales.co.uk</a> (612 Triples)</li><li><a href='http://www.www.fromthebronx.com'>www.fromthebronx.com</a> (610 Triples)</li><li><a href='http://www.www.merciamotors.co.uk'>www.merciamotors.co.uk</a> (606 Triples)</li><li><a href='http://www.www.ballooner.co.uk'>www.ballooner.co.uk</a> (606 Triples)</li><li><a href='http://www.www.shawcroftmotorsltd.co.uk'>www.shawcroftmotorsltd.co.uk</a> (603 Triples)</li><li><a href='http://www.www.motomonte.net'>www.motomonte.net</a> (600 Triples)</li><li><a href='http://www.www.whirlpoolcenter-weeze.de'>www.whirlpoolcenter-weeze.de</a> (600 Triples)</li><li><a href='http://www.www.inspiration-stoffe.de'>www.inspiration-stoffe.de</a> (600 Triples)</li><li><a href='http://www.www.burburymotorcompany.co.uk'>www.burburymotorcompany.co.uk</a> (600 Triples)</li><li><a href='http://www.www.idealautosales.com'>www.idealautosales.com</a> (600 Triples)</li><li><a href='http://www.www.kunesfordantioch.com'>www.kunesfordantioch.com</a> (600 Triples)</li><li><a href='http://www.www.carringtoncarskettering.co.uk'>www.carringtoncarskettering.co.uk</a> (597 Triples)</li><li><a href='http://www.www.nickjohnsonmotorco.co.uk'>www.nickjohnsonmotorco.co.uk</a> (594 Triples)</li><li><a href='http://www.www.rickmansworthsportscars.co.uk'>www.rickmansworthsportscars.co.uk</a> (594 Triples)</li><li><a href='http://www.www.lipsonvalegarage.co.uk'>www.lipsonvalegarage.co.uk</a> (594 Triples)</li><li><a href='http://www.www.ed-shirts.de'>www.ed-shirts.de</a> (593 Triples)</li><li><a href='http://www.www.bryanfostercarsales.co.uk'>www.bryanfostercarsales.co.uk</a> (588 Triples)</li><li><a href='http://www.www.portfieldcarsales.co.uk'>www.portfieldcarsales.co.uk</a> (588 Triples)</li><li><a href='http://www.www.jmhcars.co.uk'>www.jmhcars.co.uk</a> (588 Triples)</li><li><a href='http://www.www.woodhornmotors.co.uk'>www.woodhornmotors.co.uk</a> (584 Triples)</li><li><a href='http://www.www.unitedbees-shop.com'>www.unitedbees-shop.com</a> (583 Triples)</li><li><a href='http://www.www.toutpourlesvacances.com'>www.toutpourlesvacances.com</a> (583 Triples)</li><li><a href='http://www.www.ts1depot.hfguide.net'>www.ts1depot.hfguide.net</a> (582 Triples)</li><li><a href='http://www.www.insightgems.com'>www.insightgems.com</a> (580 Triples)</li><li><a href='http://www.www.circuitcarsales.co.uk'>www.circuitcarsales.co.uk</a> (579 Triples)</li><li><a href='http://www.www.bullivants.co.uk'>www.bullivants.co.uk</a> (576 Triples)</li><li><a href='http://www.www.decamotorsinternational.com'>www.decamotorsinternational.com</a> (576 Triples)</li><li><a href='http://www.ts1depot.hfguide.net'>ts1depot.hfguide.net</a> (576 Triples)</li><li><a href='http://www.www.autocentreinverurie.co.uk'>www.autocentreinverurie.co.uk</a> (574 Triples)</li><li><a href='http://www.www.towneandcountryinc.com'>www.towneandcountryinc.com</a> (573 Triples)</li><li><a href='http://www.southwestsuzuki.com'>southwestsuzuki.com</a> (572 Triples)</li><li><a href='http://www.southwestmitsubishi.com'>southwestmitsubishi.com</a> (572 Triples)</li><li><a href='http://www.shop.mairisch.de'>shop.mairisch.de</a> (572 Triples)</li><li><a href='http://www.www.abbeyparkcars.co.uk'>www.abbeyparkcars.co.uk</a> (570 Triples)</li><li><a href='http://www.www.a4autos.co.uk'>www.a4autos.co.uk</a> (570 Triples)</li><li><a href='http://www.www.tynemouthselect.co.uk'>www.tynemouthselect.co.uk</a> (570 Triples)</li><li><a href='http://www.www.falmouthdiesels.co.uk'>www.falmouthdiesels.co.uk</a> (567 Triples)</li><li><a href='http://www.www.millgaragehereford.co.uk'>www.millgaragehereford.co.uk</a> (564 Triples)</li><li><a href='http://www.www.wateringpoolcars.co.uk'>www.wateringpoolcars.co.uk</a> (564 Triples)</li><li><a href='http://www.www.heathrowdiesels.co.uk'>www.heathrowdiesels.co.uk</a> (564 Triples)</li><li><a href='http://www.www.tradecarwarehouse.co.uk'>www.tradecarwarehouse.co.uk</a> (564 Triples)</li><li><a href='http://www.www.smartcentermerriam.com'>www.smartcentermerriam.com</a> (560 Triples)</li><li><a href='http://www.www.evanwilliams.co.uk'>www.evanwilliams.co.uk</a> (554 Triples)</li><li><a href='http://www.www.prcruislip.co.uk'>www.prcruislip.co.uk</a> (553 Triples)</li><li><a href='http://www.www.gordonreidcarsales.co.uk'>www.gordonreidcarsales.co.uk</a> (552 Triples)</li><li><a href='http://www.www.mile-end-motors.co.uk'>www.mile-end-motors.co.uk</a> (552 Triples)</li><li><a href='http://www.www.atlasgarages.co.uk'>www.atlasgarages.co.uk</a> (551 Triples)</li><li><a href='http://www.dev.zenshiatsuchicago.org'>dev.zenshiatsuchicago.org</a> (550 Triples)</li><li><a href='http://www.www.mitteldeutsches-antiquariat.de'>www.mitteldeutsches-antiquariat.de</a> (550 Triples)</li><li><a href='http://www.www.kingslakecars.co.uk'>www.kingslakecars.co.uk</a> (549 Triples)</li><li><a href='http://www.www.pritchardsofshrewsbury.co.uk'>www.pritchardsofshrewsbury.co.uk</a> (549 Triples)</li><li><a href='http://www.www.owletcarsales.co.uk'>www.owletcarsales.co.uk</a> (548 Triples)</li><li><a href='http://www.www.anesidora-deco.fr'>www.anesidora-deco.fr</a> (547 Triples)</li><li><a href='http://www.www.cmhcars.com'>www.cmhcars.com</a> (546 Triples)</li><li><a href='http://www.www.newmarque.co.uk'>www.newmarque.co.uk</a> (546 Triples)</li><li><a href='http://www.www.hscars.co.uk'>www.hscars.co.uk</a> (546 Triples)</li><li><a href='http://www.www.in4gan.co.il'>www.in4gan.co.il</a> (544 Triples)</li><li><a href='http://www.www.autowest.co.uk'>www.autowest.co.uk</a> (542 Triples)</li><li><a href='http://www.stuffandnonsense.co.uk'>stuffandnonsense.co.uk</a> (541 Triples)</li><li><a href='http://www.www.chapelcarsales.co.uk'>www.chapelcarsales.co.uk</a> (540 Triples)</li><li><a href='http://www.www.whitehallvehiclesales.co.uk'>www.whitehallvehiclesales.co.uk</a> (540 Triples)</li><li><a href='http://www.www.smartcenterkansascity.com'>www.smartcenterkansascity.com</a> (540 Triples)</li><li><a href='http://www.www.fmmotors.co.uk'>www.fmmotors.co.uk</a> (540 Triples)</li><li><a href='http://www.www.lifestylemotorcompany.co.uk'>www.lifestylemotorcompany.co.uk</a> (537 Triples)</li><li><a href='http://www.www.smtcarsales.co.uk'>www.smtcarsales.co.uk</a> (536 Triples)</li><li><a href='http://www.www.gkscarsales.co.uk'>www.gkscarsales.co.uk</a> (536 Triples)</li><li><a href='http://www.www.shawmotors.co.uk'>www.shawmotors.co.uk</a> (534 Triples)</li><li><a href='http://www.www.futterteufel.de'>www.futterteufel.de</a> (533 Triples)</li><li><a href='http://www.www.swindonvehiclesolutions.co.uk'>www.swindonvehiclesolutions.co.uk</a> (531 Triples)</li><li><a href='http://www.www.grayscars.net'>www.grayscars.net</a> (531 Triples)</li><li><a href='http://www.www.chaucersevenoaks.co.uk'>www.chaucersevenoaks.co.uk</a> (528 Triples)</li><li><a href='http://www.www.motorland.co.uk'>www.motorland.co.uk</a> (528 Triples)</li><li><a href='http://www.www.olympiamotors.co.uk'>www.olympiamotors.co.uk</a> (528 Triples)</li><li><a href='http://www.www.bridgemotorcompany.co.uk'>www.bridgemotorcompany.co.uk</a> (525 Triples)</li><li><a href='http://www.www.aptosports.com'>www.aptosports.com</a> (520 Triples)</li><li><a href='http://www.www.wcssurf.com'>www.wcssurf.com</a> (520 Triples)</li><li><a href='http://www.www.topcarinverness.com'>www.topcarinverness.com</a> (518 Triples)</li><li><a href='http://www.www.horndeancarsales.com'>www.horndeancarsales.com</a> (518 Triples)</li><li><a href='http://www.www.colleyhyundai.co.uk'>www.colleyhyundai.co.uk</a> (516 Triples)</li><li><a href='http://www.www.hoogvliet.com'>www.hoogvliet.com</a> (514 Triples)</li><li><a href='http://www.www.chathammotorcompany.co.uk'>www.chathammotorcompany.co.uk</a> (513 Triples)</li><li><a href='http://www.www.motorworkcarsales.co.uk'>www.motorworkcarsales.co.uk</a> (512 Triples)</li><li><a href='http://www.www.strongford.co.uk'>www.strongford.co.uk</a> (510 Triples)</li><li><a href='http://www.www.orchidrow.com'>www.orchidrow.com</a> (510 Triples)</li><li><a href='http://www.www.northroadgarage.co.uk'>www.northroadgarage.co.uk</a> (508 Triples)</li><li><a href='http://www.www.u-kcarsales.co.uk'>www.u-kcarsales.co.uk</a> (507 Triples)</li><li><a href='http://www.www.spencerscarsales.co.uk'>www.spencerscarsales.co.uk</a> (507 Triples)</li><li><a href='http://www.www.ebdonsofcheltenham.co.uk'>www.ebdonsofcheltenham.co.uk</a> (507 Triples)</li><li><a href='http://www.russdarrowscion.com'>russdarrowscion.com</a> (506 Triples)</li><li><a href='http://www.www.stationgarageyork.co.uk'>www.stationgarageyork.co.uk</a> (504 Triples)</li><li><a href='http://www.www.beauty-hotelchen.de'>www.beauty-hotelchen.de</a> (500 Triples)</li><li><a href='http://www.www.golfshop-maas.de'>www.golfshop-maas.de</a> (500 Triples)</li><li><a href='http://www.www.vitalitydivers.com'>www.vitalitydivers.com</a> (500 Triples)</li><li><a href='http://www.www.suidamar.es'>www.suidamar.es</a> (500 Triples)</li><li><a href='http://www.www.sport-education.com'>www.sport-education.com</a> (500 Triples)</li><li><a href='http://www.www.nord-erleben.com'>www.nord-erleben.com</a> (500 Triples)</li><li><a href='http://www.www.neutechnik.de'>www.neutechnik.de</a> (500 Triples)</li><li><a href='http://www.www.younext.de'>www.younext.de</a> (500 Triples)</li><li><a href='http://www.www.hirschkind.de'>www.hirschkind.de</a> (500 Triples)</li><li><a href='http://www.www.funkyzanimation-video.com'>www.funkyzanimation-video.com</a> (500 Triples)</li><li><a href='http://www.www.zierfische.at'>www.zierfische.at</a> (500 Triples)</li><li><a href='http://www.www.annvee.org'>www.annvee.org</a> (500 Triples)</li><li><a href='http://www.www.karre-in.com'>www.karre-in.com</a> (500 Triples)</li><li><a href='http://www.www.stoffschmiede.com'>www.stoffschmiede.com</a> (500 Triples)</li><li><a href='http://www.www.noahsladen.at'>www.noahsladen.at</a> (500 Triples)</li><li><a href='http://www.www.claybrownedesigns.com'>www.claybrownedesigns.com</a> (500 Triples)</li><li><a href='http://www.www.carbridge.co.uk'>www.carbridge.co.uk</a> (498 Triples)</li><li><a href='http://www.www.intermarque.net'>www.intermarque.net</a> (498 Triples)</li><li><a href='http://www.www.inpakkenenwegwezen.nl'>www.inpakkenenwegwezen.nl</a> (495 Triples)</li><li><a href='http://www.www.ashmoreautos.co.uk'>www.ashmoreautos.co.uk</a> (495 Triples)</li><li><a href='http://www.www.activeok.com'>www.activeok.com</a> (495 Triples)</li><li><a href='http://www.www.shildonmotorco.co.uk'>www.shildonmotorco.co.uk</a> (492 Triples)</li><li><a href='http://www.www.harringtonsoffulham.co.uk'>www.harringtonsoffulham.co.uk</a> (492 Triples)</li><li><a href='http://www.www.pitseamotorcompany.co.uk'>www.pitseamotorcompany.co.uk</a> (492 Triples)</li><li><a href='http://www.www.druckservice-koller.de'>www.druckservice-koller.de</a> (490 Triples)</li><li><a href='http://www.www.haas-reitsport.de'>www.haas-reitsport.de</a> (490 Triples)</li><li><a href='http://www.www.oaktreemotorcompany.com'>www.oaktreemotorcompany.com</a> (489 Triples)</li><li><a href='http://www.www.fayrewoodcarsales.co.uk'>www.fayrewoodcarsales.co.uk</a> (489 Triples)</li><li><a href='http://www.www.bellfieldmotor.co.uk'>www.bellfieldmotor.co.uk</a> (480 Triples)</li><li><a href='http://www.www.gwinnettsuzuki.com'>www.gwinnettsuzuki.com</a> (480 Triples)</li><li><a href='http://www.www.kempshottcars.co.uk'>www.kempshottcars.co.uk</a> (480 Triples)</li><li><a href='http://www.www.allmancarsales.co.uk'>www.allmancarsales.co.uk</a> (480 Triples)</li><li><a href='http://www.www.ajsutton-carsales.co.uk'>www.ajsutton-carsales.co.uk</a> (480 Triples)</li><li><a href='http://www.www.easterngarage.co.uk'>www.easterngarage.co.uk</a> (477 Triples)</li><li><a href='http://www.www.ejjarvis.co.uk'>www.ejjarvis.co.uk</a> (474 Triples)</li><li><a href='http://www.www.downsviewmotorcompany.co.uk'>www.downsviewmotorcompany.co.uk</a> (471 Triples)</li><li><a href='http://www.www.onfourwheels.net'>www.onfourwheels.net</a> (465 Triples)</li><li><a href='http://www.www.hedmondson.co.uk'>www.hedmondson.co.uk</a> (462 Triples)</li><li><a href='http://www.www.royston-motors.co.uk'>www.royston-motors.co.uk</a> (462 Triples)</li><li><a href='http://www.www.compara-adsl.it'>www.compara-adsl.it</a> (458 Triples)</li><li><a href='http://www.www.a1-autocentre.co.uk'>www.a1-autocentre.co.uk</a> (456 Triples)</li><li><a href='http://www.www.briandowniecarsales.co.uk'>www.briandowniecarsales.co.uk</a> (453 Triples)</li><li><a href='http://www.www.kevingriffincars.co.uk'>www.kevingriffincars.co.uk</a> (453 Triples)</li><li><a href='http://www.www.moffmotors.co.uk'>www.moffmotors.co.uk</a> (450 Triples)</li><li><a href='http://www.www.ateliershop-marion-naegel.de'>www.ateliershop-marion-naegel.de</a> (450 Triples)</li><li><a href='http://www.www.powellsgarage.co.uk'>www.powellsgarage.co.uk</a> (450 Triples)</li><li><a href='http://www.www.chapinsothebysrealty.com'>www.chapinsothebysrealty.com</a> (449 Triples)</li><li><a href='http://www.www.encoresothebysrealty.com'>www.encoresothebysrealty.com</a> (447 Triples)</li><li><a href='http://www.www.westmorelandcars.co.uk'>www.westmorelandcars.co.uk</a> (442 Triples)</li><li><a href='http://www.www.teigncarsales.co.uk'>www.teigncarsales.co.uk</a> (440 Triples)</li><li><a href='http://www.www.lasnievesorg.com'>www.lasnievesorg.com</a> (440 Triples)</li><li><a href='http://www.www.fitnessvogue.com'>www.fitnessvogue.com</a> (440 Triples)</li><li><a href='http://www.www.markphillipscarsales.co.uk'>www.markphillipscarsales.co.uk</a> (440 Triples)</li><li><a href='http://www.excaliburautogroup.com'>excaliburautogroup.com</a> (440 Triples)</li><li><a href='http://www.www.stephenjamescars.co.uk'>www.stephenjamescars.co.uk</a> (438 Triples)</li><li><a href='http://www.www.onsiteinstaller.com'>www.onsiteinstaller.com</a> (432 Triples)</li><li><a href='http://www.www.partenaire-europeen.com'>www.partenaire-europeen.com</a> (432 Triples)</li><li><a href='http://www.www.leescars.co.uk'>www.leescars.co.uk</a> (432 Triples)</li><li><a href='http://www.www.drbcarspares.co.uk'>www.drbcarspares.co.uk</a> (432 Triples)</li><li><a href='http://www.www.jsdc.org'>www.jsdc.org</a> (430 Triples)</li><li><a href='http://www.www.agouadis.com'>www.agouadis.com</a> (430 Triples)</li><li><a href='http://www.www.camdenmotorscheshire.co.uk'>www.camdenmotorscheshire.co.uk</a> (429 Triples)</li><li><a href='http://www.www.smallboneandson.co.uk'>www.smallboneandson.co.uk</a> (426 Triples)</li><li><a href='http://www.www.carconnexion.co.uk'>www.carconnexion.co.uk</a> (426 Triples)</li><li><a href='http://www.thackerays.co.uk'>thackerays.co.uk</a> (423 Triples)</li><li><a href='http://www.www.larryhillimports.com'>www.larryhillimports.com</a> (420 Triples)</li><li><a href='http://www.www.conventmotors.co.uk'>www.conventmotors.co.uk</a> (420 Triples)</li><li><a href='http://www.www.grospellier-automobiles.fr'>www.grospellier-automobiles.fr</a> (420 Triples)</li><li><a href='http://www.www.ayresoffareham.co.uk'>www.ayresoffareham.co.uk</a> (420 Triples)</li><li><a href='http://www.www.vsop-cigars.de'>www.vsop-cigars.de</a> (420 Triples)</li><li><a href='http://www.www.cmmcdonald.co.uk'>www.cmmcdonald.co.uk</a> (420 Triples)</li><li><a href='http://www.www.hawkescarcentre.co.uk'>www.hawkescarcentre.co.uk</a> (420 Triples)</li><li><a href='http://www.realestate.sanangelostandardtimes.com'>realestate.sanangelostandardtimes.com</a> (419 Triples)</li><li><a href='http://www.www.carsdirectnw.co.uk'>www.carsdirectnw.co.uk</a> (418 Triples)</li><li><a href='http://www.www.treetopscaravanpark.co.uk'>www.treetopscaravanpark.co.uk</a> (418 Triples)</li><li><a href='http://www.www.lotusofportland.com'>www.lotusofportland.com</a> (416 Triples)</li><li><a href='http://www.www.k-wcars.co.uk'>www.k-wcars.co.uk</a> (414 Triples)</li><li><a href='http://www.www.timon-verlag.de'>www.timon-verlag.de</a> (411 Triples)</li><li><a href='http://www.www.autopointautos.co.uk'>www.autopointautos.co.uk</a> (408 Triples)</li><li><a href='http://www.www.fossewaycarandvansales.co.uk'>www.fossewaycarandvansales.co.uk</a> (408 Triples)</li><li><a href='http://www.www.aristocarsuk.co.uk'>www.aristocarsuk.co.uk</a> (402 Triples)</li><li><a href='http://www.www.johnsoncars.co.uk'>www.johnsoncars.co.uk</a> (402 Triples)</li><li><a href='http://www.www.theforddealer.com'>www.theforddealer.com</a> (400 Triples)</li><li><a href='http://www.www.mattcastruccihonda.com'>www.mattcastruccihonda.com</a> (400 Triples)</li><li><a href='http://www.www.mattcastruccinissan.com'>www.mattcastruccinissan.com</a> (400 Triples)</li><li><a href='http://www.www.eastwoodtruck-toycentre.com'>www.eastwoodtruck-toycentre.com</a> (400 Triples)</li><li><a href='http://www.www.mattcastruccikia.com'>www.mattcastruccikia.com</a> (400 Triples)</li><li><a href='http://www.www.wisslermotorsinc.com'>www.wisslermotorsinc.com</a> (400 Triples)</li><li><a href='http://www.www.toyotaofcleveland.com'>www.toyotaofcleveland.com</a> (400 Triples)</li><li><a href='http://www.www.rochestertoyota.com'>www.rochestertoyota.com</a> (400 Triples)</li><li><a href='http://www.www.mattcastrucciautomall.com'>www.mattcastrucciautomall.com</a> (400 Triples)</li><li><a href='http://www.www.hondaofcleveland.com'>www.hondaofcleveland.com</a> (400 Triples)</li><li><a href='http://www.www.mtnview153.com'>www.mtnview153.com</a> (400 Triples)</li><li><a href='http://www.www.piemontechevy.com'>www.piemontechevy.com</a> (400 Triples)</li><li><a href='http://www.www.empirelakewoodnissan.com'>www.empirelakewoodnissan.com</a> (400 Triples)</li><li><a href='http://www.www.germainford.com'>www.germainford.com</a> (400 Triples)</li><li><a href='http://www.www.pulloverland.com'>www.pulloverland.com</a> (400 Triples)</li><li><a href='http://www.www.mikecastruccifordmilford.com'>www.mikecastruccifordmilford.com</a> (400 Triples)</li><li><a href='http://www.www.mikecastruccichevrolet.com'>www.mikecastruccichevrolet.com</a> (400 Triples)</li><li><a href='http://www.www.aristocratmotors.com'>www.aristocratmotors.com</a> (400 Triples)</li><li><a href='http://www.www.discount-cars.co.uk'>www.discount-cars.co.uk</a> (396 Triples)</li><li><a href='http://www.www.applecarcompany.com'>www.applecarcompany.com</a> (396 Triples)</li><li><a href='http://www.www.somersetgarage.co.uk'>www.somersetgarage.co.uk</a> (396 Triples)</li><li><a href='http://www.www.jkmotors.co.uk'>www.jkmotors.co.uk</a> (396 Triples)</li><li><a href='http://www.www.daniels-fun-rental-interlaken.ch'>www.daniels-fun-rental-interlaken.ch</a> (395 Triples)</li><li><a href='http://www.www.kcautos.co.uk'>www.kcautos.co.uk</a> (390 Triples)</li><li><a href='http://www.www.cochesooyyo.com'>www.cochesooyyo.com</a> (390 Triples)</li><li><a href='http://www.www.vineplace.co.uk'>www.vineplace.co.uk</a> (390 Triples)</li><li><a href='http://www.www.a2bcarsales.com'>www.a2bcarsales.com</a> (384 Triples)</li><li><a href='http://www.www.grimsdykeservicestation.co.uk'>www.grimsdykeservicestation.co.uk</a> (384 Triples)</li><li><a href='http://www.www.paradiseautos.co.uk'>www.paradiseautos.co.uk</a> (384 Triples)</li><li><a href='http://www.www.mellorstreetgarage.co.uk'>www.mellorstreetgarage.co.uk</a> (384 Triples)</li><li><a href='http://www.www.gardnerandwhiteltd.co.uk'>www.gardnerandwhiteltd.co.uk</a> (376 Triples)</li><li><a href='http://www.www.caverncars.co.uk'>www.caverncars.co.uk</a> (375 Triples)</li><li><a href='http://www.www.jswcarsales.co.uk'>www.jswcarsales.co.uk</a> (372 Triples)</li><li><a href='http://www.www.redbluecompany.com'>www.redbluecompany.com</a> (370 Triples)</li><li><a href='http://www.www.lottevoss.net'>www.lottevoss.net</a> (370 Triples)</li><li><a href='http://www.www.bhpvehicles.co.uk'>www.bhpvehicles.co.uk</a> (366 Triples)</li><li><a href='http://www.www.hullsmotor.co.uk'>www.hullsmotor.co.uk</a> (366 Triples)</li><li><a href='http://www.www.invernesscarcompany.co.uk'>www.invernesscarcompany.co.uk</a> (364 Triples)</li><li><a href='http://www.www.vitalmortienda.com'>www.vitalmortienda.com</a> (360 Triples)</li><li><a href='http://www.www.crystal-design.ch'>www.crystal-design.ch</a> (360 Triples)</li><li><a href='http://www.www.arte-amazonia.com'>www.arte-amazonia.com</a> (357 Triples)</li><li><a href='http://www.www.7seatercentre.com'>www.7seatercentre.com</a> (354 Triples)</li><li><a href='http://www.www.pearlcars.co.uk'>www.pearlcars.co.uk</a> (354 Triples)</li><li><a href='http://www.www.maautosuk.co.uk'>www.maautosuk.co.uk</a> (354 Triples)</li><li><a href='http://www.shop.jjjude.com'>shop.jjjude.com</a> (352 Triples)</li><li><a href='http://www.www.quebury.com'>www.quebury.com</a> (350 Triples)</li><li><a href='http://www.www.victoriagarage-belhelvie.co.uk'>www.victoriagarage-belhelvie.co.uk</a> (348 Triples)</li><li><a href='http://www.www.artpasje.pl'>www.artpasje.pl</a> (346 Triples)</li><li><a href='http://www.www.regalosdeartesania.com'>www.regalosdeartesania.com</a> (341 Triples)</li><li><a href='http://www.www.asereba-charms.de'>www.asereba-charms.de</a> (340 Triples)</li><li><a href='http://www.www.infrapower-shop.com'>www.infrapower-shop.com</a> (340 Triples)</li><li><a href='http://www.www.everycarlisted.com'>www.everycarlisted.com</a> (340 Triples)</li><li><a href='http://www.www.fliesen-arndt.de'>www.fliesen-arndt.de</a> (340 Triples)</li><li><a href='http://www.www.broadwaymotors.co.uk'>www.broadwaymotors.co.uk</a> (336 Triples)</li><li><a href='http://www.www.styrin.co.uk'>www.styrin.co.uk</a> (336 Triples)</li><li><a href='http://www.www.anvilautos.com'>www.anvilautos.com</a> (336 Triples)</li><li><a href='http://www.www.dyrdalsgarageyork.co.uk'>www.dyrdalsgarageyork.co.uk</a> (332 Triples)</li><li><a href='http://www.www.kmbarkermalton.co.uk'>www.kmbarkermalton.co.uk</a> (331 Triples)</li><li><a href='http://www.www.cosmicstudio.net'>www.cosmicstudio.net</a> (330 Triples)</li><li><a href='http://www.www.bikewrappers.com'>www.bikewrappers.com</a> (330 Triples)</li><li><a href='http://www.www.bassvillage.at'>www.bassvillage.at</a> (330 Triples)</li><li><a href='http://www.www.firmycateringowe.pl'>www.firmycateringowe.pl</a> (329 Triples)</li><li><a href='http://www.www.livres.transcontinental.ca'>www.livres.transcontinental.ca</a> (324 Triples)</li><li><a href='http://www.www.jamesglen.co.uk'>www.jamesglen.co.uk</a> (324 Triples)</li><li><a href='http://www.www.glowgaming.co.uk'>www.glowgaming.co.uk</a> (323 Triples)</li><li><a href='http://www.www.amigomarket.ru'>www.amigomarket.ru</a> (320 Triples)</li><li><a href='http://www.www.sexycolombians.com'>www.sexycolombians.com</a> (320 Triples)</li><li><a href='http://www.www.lacasadellandroide.com'>www.lacasadellandroide.com</a> (320 Triples)</li><li><a href='http://www.www.ashleyroadcarsales.co.uk'>www.ashleyroadcarsales.co.uk</a> (320 Triples)</li><li><a href='http://www.fahrrad.quoka.de'>fahrrad.quoka.de</a> (312 Triples)</li><li><a href='http://www.www.ramseys.co.uk'>www.ramseys.co.uk</a> (310 Triples)</li><li><a href='http://www.www.sec-garage.ch'>www.sec-garage.ch</a> (308 Triples)</li><li><a href='http://www.www.kafischmitte.ch'>www.kafischmitte.ch</a> (308 Triples)</li><li><a href='http://www.margaretmuir.williampitt.com'>margaretmuir.williampitt.com</a> (301 Triples)</li><li><a href='http://www.www.humphrissandryde.co.uk'>www.humphrissandryde.co.uk</a> (301 Triples)</li><li><a href='http://www.www.ownband.de'>www.ownband.de</a> (300 Triples)</li><li><a href='http://www.www.kendrickcars.co.uk'>www.kendrickcars.co.uk</a> (300 Triples)</li><li><a href='http://www.www.tuttosullajuve.com'>www.tuttosullajuve.com</a> (300 Triples)</li><li><a href='http://www.www.goesoccer.de'>www.goesoccer.de</a> (300 Triples)</li><li><a href='http://www.www.sams-onlineshop.de'>www.sams-onlineshop.de</a> (300 Triples)</li><li><a href='http://www.www.nordpark-shop.de'>www.nordpark-shop.de</a> (300 Triples)</li><li><a href='http://www.www.soulpad.co.uk'>www.soulpad.co.uk</a> (300 Triples)</li><li><a href='http://www.www.e-sele.com'>www.e-sele.com</a> (300 Triples)</li><li><a href='http://www.www.gbgarages.co.uk'>www.gbgarages.co.uk</a> (297 Triples)</li><li><a href='http://www.www.crowtrees.co.uk'>www.crowtrees.co.uk</a> (297 Triples)</li><li><a href='http://www.www.gmautos.co.uk'>www.gmautos.co.uk</a> (297 Triples)</li><li><a href='http://www.www.globalautomobiles.co.uk'>www.globalautomobiles.co.uk</a> (297 Triples)</li><li><a href='http://www.www.orchardgarageltd.co.uk'>www.orchardgarageltd.co.uk</a> (297 Triples)</li><li><a href='http://www.www.selectcarsales.co.uk'>www.selectcarsales.co.uk</a> (297 Triples)</li><li><a href='http://www.www.lindseyjonescarsales.co.uk'>www.lindseyjonescarsales.co.uk</a> (297 Triples)</li><li><a href='http://www.www.cars4people.co.uk'>www.cars4people.co.uk</a> (297 Triples)</li><li><a href='http://www.www.avtobazar.ua'>www.avtobazar.ua</a> (295 Triples)</li><li><a href='http://www.www.manorgarages.co.uk'>www.manorgarages.co.uk</a> (294 Triples)</li><li><a href='http://www.www.tamarcountrycars.co.uk'>www.tamarcountrycars.co.uk</a> (294 Triples)</li><li><a href='http://www.www.autolink4x4.co.uk'>www.autolink4x4.co.uk</a> (288 Triples)</li><li><a href='http://www.www.gatehousecarsales.co.uk'>www.gatehousecarsales.co.uk</a> (286 Triples)</li><li><a href='http://www.www.fisherkia.net'>www.fisherkia.net</a> (285 Triples)</li><li><a href='http://www.www.fisherhonda.com'>www.fisherhonda.com</a> (285 Triples)</li><li><a href='http://www.www.selectmotortradingltd.co.uk'>www.selectmotortradingltd.co.uk</a> (285 Triples)</li><li><a href='http://www.www.cattermolesofipswich.co.uk'>www.cattermolesofipswich.co.uk</a> (285 Triples)</li><li><a href='http://www.www.costlesscars.co.uk'>www.costlesscars.co.uk</a> (285 Triples)</li><li><a href='http://www.www.bournemouthroadcars.co.uk'>www.bournemouthroadcars.co.uk</a> (285 Triples)</li><li><a href='http://www.www.fisherauto.com'>www.fisherauto.com</a> (285 Triples)</li><li><a href='http://www.www.j-stuart.co.uk'>www.j-stuart.co.uk</a> (285 Triples)</li><li><a href='http://www.www.agoshop.at'>www.agoshop.at</a> (280 Triples)</li><li><a href='http://www.arbeitsheim.jimdo.com'>arbeitsheim.jimdo.com</a> (280 Triples)</li><li><a href='http://www.www.carhirephuket.com'>www.carhirephuket.com</a> (280 Triples)</li><li><a href='http://www.www.laboutique101.com'>www.laboutique101.com</a> (280 Triples)</li><li><a href='http://www.www.maru-cha.com'>www.maru-cha.com</a> (280 Triples)</li><li><a href='http://www.www.atoc24.de'>www.atoc24.de</a> (280 Triples)</li><li><a href='http://www.www.fowkesauto.com'>www.fowkesauto.com</a> (276 Triples)</li><li><a href='http://www.www.anbcarsales.co.uk'>www.anbcarsales.co.uk</a> (273 Triples)</li><li><a href='http://www.www.marderabwehr24.de'>www.marderabwehr24.de</a> (270 Triples)</li><li><a href='http://www.www.apparestore.com'>www.apparestore.com</a> (270 Triples)</li><li><a href='http://www.www.boyztoyzlondon.co.uk'>www.boyztoyzlondon.co.uk</a> (270 Triples)</li><li><a href='http://www.www.felbridgecarcompany.co.uk'>www.felbridgecarcompany.co.uk</a> (264 Triples)</li><li><a href='http://www.www.floresalud.info'>www.floresalud.info</a> (264 Triples)</li><li><a href='http://www.www.craigpettitmotorsales.co.uk'>www.craigpettitmotorsales.co.uk</a> (264 Triples)</li><li><a href='http://www.www.naliyoumai.net'>www.naliyoumai.net</a> (264 Triples)</li><li><a href='http://www.www.team-greens.co.jp'>www.team-greens.co.jp</a> (262 Triples)</li><li><a href='http://www.www.foresthillsrealestate.com'>www.foresthillsrealestate.com</a> (260 Triples)</li><li><a href='http://www.www.lederbibliothek.at'>www.lederbibliothek.at</a> (260 Triples)</li><li><a href='http://www.www.specialistcars-southwest.co.uk'>www.specialistcars-southwest.co.uk</a> (255 Triples)</li><li><a href='http://www.www.tpomag.com'>www.tpomag.com</a> (255 Triples)</li><li><a href='http://www.computer.kelkoo.de'>computer.kelkoo.de</a> (255 Triples)</li><li><a href='http://www.shopping.tomshw.it'>shopping.tomshw.it</a> (254 Triples)</li><li><a href='http://www.www.winehound.co.uk'>www.winehound.co.uk</a> (252 Triples)</li><li><a href='http://www.www.leo-skull-store.de'>www.leo-skull-store.de</a> (250 Triples)</li><li><a href='http://www.www.mazzaferroedilizia.com'>www.mazzaferroedilizia.com</a> (250 Triples)</li><li><a href='http://www.www.juliabfee.com'>www.juliabfee.com</a> (248 Triples)</li><li><a href='http://www.www.shawandwrightcarsales.co.uk'>www.shawandwrightcarsales.co.uk</a> (243 Triples)</li><li><a href='http://www.www.sandiforths.co.uk'>www.sandiforths.co.uk</a> (243 Triples)</li><li><a href='http://www.www.theelitecarriageco.co.uk'>www.theelitecarriageco.co.uk</a> (243 Triples)</li><li><a href='http://www.www.xroadsgarage.co.uk'>www.xroadsgarage.co.uk</a> (243 Triples)</li><li><a href='http://www.www.soundx.ch'>www.soundx.ch</a> (242 Triples)</li><li><a href='http://www.www.sylter-fahrradverleih.de'>www.sylter-fahrradverleih.de</a> (242 Triples)</li><li><a href='http://www.www.mm-sylt.de'>www.mm-sylt.de</a> (242 Triples)</li><li><a href='http://www.www.cameldive.ru'>www.cameldive.ru</a> (240 Triples)</li><li><a href='http://www.www.mikrofon-windschutz-gutmann.de'>www.mikrofon-windschutz-gutmann.de</a> (240 Triples)</li><li><a href='http://www.www.liberal-design.com'>www.liberal-design.com</a> (240 Triples)</li><li><a href='http://www.www.partxcentre.com'>www.partxcentre.com</a> (240 Triples)</li><li><a href='http://www.www.chicos.co.uk'>www.chicos.co.uk</a> (240 Triples)</li><li><a href='http://www.www.sophiaminiatures.com'>www.sophiaminiatures.com</a> (240 Triples)</li><li><a href='http://www.avtobazar.ua'>avtobazar.ua</a> (238 Triples)</li><li><a href='http://www.www.leaskmotors.co.uk'>www.leaskmotors.co.uk</a> (238 Triples)</li><li><a href='http://www.www.aspicars.com'>www.aspicars.com</a> (234 Triples)</li><li><a href='http://www.aspenfuneralservices.com'>aspenfuneralservices.com</a> (234 Triples)</li><li><a href='http://www.www.autosudrizziconi.com'>www.autosudrizziconi.com</a> (234 Triples)</li><li><a href='http://www.www.crosscountry4x4.co.uk'>www.crosscountry4x4.co.uk</a> (232 Triples)</li></ol></body>