<!DOCTYPE html>
<html><head><meta name="robots" content="nofollow"/><title>Web Data Commons Extraction Report</title><link rel='stylesheet' href='http://webdatacommons.org/style.css' type='text/css' media='screen'/>
<script type="text/javascript" src="http://ajax.googleapis.com/ajax/libs/jquery/1.7.1/jquery.min.js"></script>
<script type="text/javascript">

  var _gaq = _gaq || [];
  _gaq.push(['_setAccount', 'UA-30248817-1']);
  _gaq.push(['_trackPageview']);

  (function() {
    var ga = document.createElement('script'); ga.type = 'text/javascript'; ga.async = true;
    ga.src = ('https:' == document.location.protocol ? 'https://ssl' : 'http://www') + '.google-analytics.com/ga.js';
    var s = document.getElementsByTagName('script')[0]; s.parentNode.insertBefore(ga, s);
  })();

</script>
</head><body><a name='top'></a><h1>Top Domains by Extracted Triples for Extractor html-mf-hresume</h1><br /><a href="stats.html">Back to Statistics</a><br /><br />
<p>This page contains the list of top domains using the Microformats hResume of the extraction of August 2012 of the <a href="http://webdatacommons.org">Web Data Commons</a> project. The page shows the top domains employing Microformats hResume within their websites, ordered by the number of triples found in the crawl corpus.</p><br />
<ol>
<li><a href='http://linkedin.com'>linkedin.com</a> (425,919 Triples)</li>
<li><a href='http://doyoubuzz.com'>doyoubuzz.com</a> (102,199 Triples)</li>
<li><a href='http://ziki.com'>ziki.com</a> (20,775 Triples)</li>
<li><a href='http://teefury.com'>teefury.com</a> (9,459 Triples)</li>
<li><a href='http://signpostmarv.name'>signpostmarv.name</a> (8,608 Triples)</li>
<li><a href='http://whatclinic.com'>whatclinic.com</a> (3,017 Triples)</li>
<li><a href='http://nyu.edu'>nyu.edu</a> (2,888 Triples)</li>
<li><a href='http://uga.edu'>uga.edu</a> (2,287 Triples)</li>
<li><a href='http://factory4.it'>factory4.it</a> (1,844 Triples)</li>
<li><a href='http://djangopeople.net'>djangopeople.net</a> (1,823 Triples)</li>
<li><a href='http://mowser.com'>mowser.com</a> (1,512 Triples)</li>
<li><a href='http://markusschneider.org'>markusschneider.org</a> (1,362 Triples)</li>
<li><a href='http://hfg-karlsruhe.de'>hfg-karlsruhe.de</a> (1,306 Triples)</li>
<li><a href='http://encheres-publiques.com'>encheres-publiques.com</a> (1,152 Triples)</li>
<li><a href='http://dietrichard.de'>dietrichard.de</a> (1,124 Triples)</li>
<li><a href='http://bashmyfacein.com'>bashmyfacein.com</a> (1,045 Triples)</li>
<li><a href='http://ardee.web.id'>ardee.web.id</a> (900 Triples)</li>
<li><a href='http://maparent.ca'>maparent.ca</a> (778 Triples)</li>
<li><a href='http://remi-morin.fr'>remi-morin.fr</a> (711 Triples)</li>
<li><a href='http://feedburner.com'>feedburner.com</a> (687 Triples)</li>
<li><a href='http://micheldenier.com'>micheldenier.com</a> (668 Triples)</li>
<li><a href='http://wirtschaftsrecht.com'>wirtschaftsrecht.com</a> (619 Triples)</li>
<li><a href='http://eurecom.fr'>eurecom.fr</a> (602 Triples)</li>
<li><a href='http://ceevee.com'>ceevee.com</a> (589 Triples)</li>
<li><a href='http://nathalie-leborgne.com'>nathalie-leborgne.com</a> (588 Triples)</li>
<li><a href='http://imshopping.com'>imshopping.com</a> (586 Triples)</li>
<li><a href='http://pierre-gosselin.com'>pierre-gosselin.com</a> (583 Triples)</li>
<li><a href='http://stephane-clement.com'>stephane-clement.com</a> (572 Triples)</li>
<li><a href='http://celinegodin.com'>celinegodin.com</a> (540 Triples)</li>
<li><a href='http://fabulous-art-people.com'>fabulous-art-people.com</a> (488 Triples)</li>
<li><a href='http://erick-hostachy.com'>erick-hostachy.com</a> (441 Triples)</li>
<li><a href='http://jeremie-pottier.com'>jeremie-pottier.com</a> (440 Triples)</li>
<li><a href='http://pascal-cereuil.com'>pascal-cereuil.com</a> (425 Triples)</li>
<li><a href='http://jobspice.com'>jobspice.com</a> (422 Triples)</li>
<li><a href='http://channer.tv'>channer.tv</a> (422 Triples)</li>
<li><a href='http://b2belarus.com'>b2belarus.com</a> (418 Triples)</li>
<li><a href='http://damien-raude-morvan.com'>damien-raude-morvan.com</a> (414 Triples)</li>
<li><a href='http://cv-developpeur.com'>cv-developpeur.com</a> (413 Triples)</li>
<li><a href='http://virginiemahe.fr'>virginiemahe.fr</a> (410 Triples)</li>
<li><a href='http://damien-morvan.fr'>damien-morvan.fr</a> (410 Triples)</li>
<li><a href='http://mael-cormier.com'>mael-cormier.com</a> (409 Triples)</li>
<li><a href='http://charly-castille.com'>charly-castille.com</a> (405 Triples)</li>
<li><a href='http://pjkix.com'>pjkix.com</a> (396 Triples)</li>
<li><a href='http://aurore-garnier.com'>aurore-garnier.com</a> (387 Triples)</li>
<li><a href='http://adrien-charles.com'>adrien-charles.com</a> (376 Triples)</li>
<li><a href='http://aurelie-godet.com'>aurelie-godet.com</a> (375 Triples)</li>
<li><a href='http://ludovic-simon.com'>ludovic-simon.com</a> (362 Triples)</li>
<li><a href='http://clemence-squiban.com'>clemence-squiban.com</a> (355 Triples)</li>
<li><a href='http://pauloasilva.com'>pauloasilva.com</a> (350 Triples)</li>
<li><a href='http://midtownatlantashopanddineweek.com'>midtownatlantashopanddineweek.com</a> (342 Triples)</li>
<li><a href='http://michele-drechsler.com'>michele-drechsler.com</a> (338 Triples)</li>
<li><a href='http://avi-teboul.com'>avi-teboul.com</a> (338 Triples)</li>
<li><a href='http://emmeline-barreminos.com'>emmeline-barreminos.com</a> (337 Triples)</li>
<li><a href='http://anne-coue.com'>anne-coue.com</a> (335 Triples)</li>
<li><a href='http://business2russia.ru'>business2russia.ru</a> (334 Triples)</li>
<li><a href='http://sarah-michel.com'>sarah-michel.com</a> (333 Triples)</li>
<li><a href='http://berengere-quercy.com'>berengere-quercy.com</a> (329 Triples)</li>
<li><a href='http://michael-costevec.com'>michael-costevec.com</a> (327 Triples)</li>
<li><a href='http://cecile-gommelet.com'>cecile-gommelet.com</a> (326 Triples)</li>
<li><a href='http://faty-djibril-antoine.com'>faty-djibril-antoine.com</a> (308 Triples)</li>
<li><a href='http://etienne-billet.com'>etienne-billet.com</a> (301 Triples)</li>
<li><a href='http://melina-frangiadakis.com'>melina-frangiadakis.com</a> (301 Triples)</li>
<li><a href='http://carolinebaudin.com'>carolinebaudin.com</a> (301 Triples)</li>
<li><a href='http://quentin-emeriau.com'>quentin-emeriau.com</a> (300 Triples)</li>
<li><a href='http://yoann-le-bihan.com'>yoann-le-bihan.com</a> (298 Triples)</li>
<li><a href='http://memory-alpha.org'>memory-alpha.org</a> (298 Triples)</li>
<li><a href='http://morgane-marolleau.com'>morgane-marolleau.com</a> (298 Triples)</li>
<li><a href='http://nicolas-francois.net'>nicolas-francois.net</a> (293 Triples)</li>
<li><a href='http://alexandre-dupont.com'>alexandre-dupont.com</a> (293 Triples)</li>
<li><a href='http://romain-roget.com'>romain-roget.com</a> (291 Triples)</li>
<li><a href='http://mathieu-janin.info'>mathieu-janin.info</a> (290 Triples)</li>
<li><a href='http://bernard-horgues-debat.com'>bernard-horgues-debat.com</a> (290 Triples)</li>
<li><a href='http://silv101.net'>silv101.net</a> (287 Triples)</li>
<li><a href='http://chloe-mesplede.com'>chloe-mesplede.com</a> (285 Triples)</li>
<li><a href='http://france-lefebvre-du-prey.com'>france-lefebvre-du-prey.com</a> (284 Triples)</li>
<li><a href='http://lauredworak.com'>lauredworak.com</a> (283 Triples)</li>
<li><a href='http://krause-software.com'>krause-software.com</a> (282 Triples)</li>
<li><a href='http://jean-baptiste-leparoux.com'>jean-baptiste-leparoux.com</a> (280 Triples)</li>
<li><a href='http://julie-penven.com'>julie-penven.com</a> (280 Triples)</li>
<li><a href='http://erwan-roblot.com'>erwan-roblot.com</a> (278 Triples)</li>
<li><a href='http://david-pires.com'>david-pires.com</a> (278 Triples)</li>
<li><a href='http://mayda-bakri.com'>mayda-bakri.com</a> (276 Triples)</li>
<li><a href='http://philippe-guarnieri.com'>philippe-guarnieri.com</a> (271 Triples)</li>
<li><a href='http://kiriaze.com'>kiriaze.com</a> (270 Triples)</li>
<li><a href='http://gordontillman.info'>gordontillman.info</a> (269 Triples)</li>
<li><a href='http://frederic-foschiani.com'>frederic-foschiani.com</a> (269 Triples)</li>
<li><a href='http://philippe-metayer.com'>philippe-metayer.com</a> (268 Triples)</li>
<li><a href='http://lancepollard.info'>lancepollard.info</a> (268 Triples)</li>
<li><a href='http://marie-leroy.com'>marie-leroy.com</a> (263 Triples)</li>
<li><a href='http://eric-cambray.com'>eric-cambray.com</a> (261 Triples)</li>
<li><a href='http://carinesaul.com'>carinesaul.com</a> (260 Triples)</li>
<li><a href='http://veronique-simon.com'>veronique-simon.com</a> (258 Triples)</li>
<li><a href='http://lesliesteward.com'>lesliesteward.com</a> (258 Triples)</li>
<li><a href='http://paul-andrea-large.com'>paul-andrea-large.com</a> (257 Triples)</li>
<li><a href='http://elise-battais.com'>elise-battais.com</a> (256 Triples)</li>
<li><a href='http://thomas-fevre.com'>thomas-fevre.com</a> (255 Triples)</li>
<li><a href='http://landrylefort.com'>landrylefort.com</a> (254 Triples)</li>
<li><a href='http://rachelhellmann.com'>rachelhellmann.com</a> (253 Triples)</li>
<li><a href='http://gotilla.com'>gotilla.com</a> (252 Triples)</li>
<li><a href='http://corentinorsini.com'>corentinorsini.com</a> (252 Triples)</li>
<li><a href='http://lo-zone.com'>lo-zone.com</a> (252 Triples)</li>
<li><a href='http://philippe-letty.com'>philippe-letty.com</a> (251 Triples)</li>
<li><a href='http://michael-le-floch.com'>michael-le-floch.com</a> (250 Triples)</li>
<li><a href='http://anthony-classe.com'>anthony-classe.com</a> (248 Triples)</li>
<li><a href='http://jonathan-fritsch.com'>jonathan-fritsch.com</a> (247 Triples)</li>
<li><a href='http://vincent-hamonic.com'>vincent-hamonic.com</a> (247 Triples)</li>
<li><a href='http://franck-moreau.com'>franck-moreau.com</a> (243 Triples)</li>
<li><a href='http://anthony-boudet.com'>anthony-boudet.com</a> (242 Triples)</li>
<li><a href='http://emilie-nerot.com'>emilie-nerot.com</a> (239 Triples)</li>
<li><a href='http://brenton-hayden.com'>brenton-hayden.com</a> (238 Triples)</li>
<li><a href='http://aurelieduclos.com'>aurelieduclos.com</a> (238 Triples)</li>
<li><a href='http://github.com'>github.com</a> (238 Triples)</li>
<li><a href='http://antoine-soares.com'>antoine-soares.com</a> (237 Triples)</li>
<li><a href='http://melanieducatez.com'>melanieducatez.com</a> (237 Triples)</li>
<li><a href='http://jonathanadeline.com'>jonathanadeline.com</a> (237 Triples)</li>
<li><a href='http://jean-michel-lae.com'>jean-michel-lae.com</a> (236 Triples)</li>
<li><a href='http://x10hosting.com'>x10hosting.com</a> (235 Triples)</li>
<li><a href='http://chetwoodside.com'>chetwoodside.com</a> (234 Triples)</li>
<li><a href='http://charlyne-burban.com'>charlyne-burban.com</a> (234 Triples)</li>
<li><a href='http://cedric-lair.com'>cedric-lair.com</a> (232 Triples)</li>
<li><a href='http://staalontwerp.nl'>staalontwerp.nl</a> (228 Triples)</li>
<li><a href='http://pierrehardy.eu'>pierrehardy.eu</a> (227 Triples)</li>
<li><a href='http://jean-christophe-camus.com'>jean-christophe-camus.com</a> (225 Triples)</li>
<li><a href='http://francois-badenes.com'>francois-badenes.com</a> (224 Triples)</li>
<li><a href='http://emmanuelle-collin.com'>emmanuelle-collin.com</a> (223 Triples)</li>
<li><a href='http://benoit-goubot.com'>benoit-goubot.com</a> (223 Triples)</li>
<li><a href='http://sylvie-humbert.com'>sylvie-humbert.com</a> (223 Triples)</li>
<li><a href='http://alexandre-bureau.com'>alexandre-bureau.com</a> (222 Triples)</li>
<li><a href='http://amandine-schmitt.com'>amandine-schmitt.com</a> (221 Triples)</li>
<li><a href='http://marc-bramoulle.com'>marc-bramoulle.com</a> (217 Triples)</li>
<li><a href='http://stephanechung.com'>stephanechung.com</a> (217 Triples)</li>
<li><a href='http://julioayllon.com'>julioayllon.com</a> (217 Triples)</li>
<li><a href='http://jessecravens.com'>jessecravens.com</a> (213 Triples)</li>
<li><a href='http://maxime-baumard.com'>maxime-baumard.com</a> (212 Triples)</li>
<li><a href='http://kalsey.com'>kalsey.com</a> (212 Triples)</li>
<li><a href='http://finds.org.uk'>finds.org.uk</a> (209 Triples)</li>
<li><a href='http://sarah-fraisse.com'>sarah-fraisse.com</a> (208 Triples)</li>
<li><a href='http://thomas-delorme.com'>thomas-delorme.com</a> (207 Triples)</li>
<li><a href='http://chefdeprojettechniqueweb.fr'>chefdeprojettechniqueweb.fr</a> (207 Triples)</li>
<li><a href='http://annick-bollore.com'>annick-bollore.com</a> (207 Triples)</li>
<li><a href='http://thomasdelagarde.com'>thomasdelagarde.com</a> (206 Triples)</li>
<li><a href='http://david-malle.com'>david-malle.com</a> (205 Triples)</li>
<li><a href='http://kanuel.com'>kanuel.com</a> (204 Triples)</li>
<li><a href='http://james-storr.com'>james-storr.com</a> (204 Triples)</li>
<li><a href='http://thegriddle.net'>thegriddle.net</a> (203 Triples)</li>
<li><a href='http://marine-kervella.com'>marine-kervella.com</a> (202 Triples)</li>
<li><a href='http://leonard-gavelle.com'>leonard-gavelle.com</a> (201 Triples)</li>
<li><a href='http://cedric-barnat.com'>cedric-barnat.com</a> (199 Triples)</li>
<li><a href='http://juliechauvin.com'>juliechauvin.com</a> (199 Triples)</li>
<li><a href='http://philippe-trzebiatowski.com'>philippe-trzebiatowski.com</a> (198 Triples)</li>
<li><a href='http://ludovick-sauvaget.com'>ludovick-sauvaget.com</a> (197 Triples)</li>
<li><a href='http://thomaslemonnier.fr'>thomaslemonnier.fr</a> (197 Triples)</li>
<li><a href='http://gillesameri.be'>gillesameri.be</a> (196 Triples)</li>
<li><a href='http://candicenguyen.com'>candicenguyen.com</a> (196 Triples)</li>
<li><a href='http://laura-leberre.com'>laura-leberre.com</a> (195 Triples)</li>
<li><a href='http://joeylawrance.com'>joeylawrance.com</a> (194 Triples)</li>
<li><a href='http://maximegravouil-cv.com'>maximegravouil-cv.com</a> (192 Triples)</li>
<li><a href='http://widgetsummit.com'>widgetsummit.com</a> (191 Triples)</li>
<li><a href='http://pierre-pavageau.com'>pierre-pavageau.com</a> (191 Triples)</li>
<li><a href='http://voices.com'>voices.com</a> (188 Triples)</li>
<li><a href='http://julien-maleinge.com'>julien-maleinge.com</a> (187 Triples)</li>
<li><a href='http://arthur-deballon.com'>arthur-deballon.com</a> (187 Triples)</li>
<li><a href='http://free.fr'>free.fr</a> (186 Triples)</li>
<li><a href='http://marinechavannaz.com'>marinechavannaz.com</a> (183 Triples)</li>
<li><a href='http://olivierlegrand.fr'>olivierlegrand.fr</a> (183 Triples)</li>
<li><a href='http://davidswain.co.uk'>davidswain.co.uk</a> (182 Triples)</li>
<li><a href='http://yann-guillou.com'>yann-guillou.com</a> (182 Triples)</li>
<li><a href='http://benjamin-zenou.com'>benjamin-zenou.com</a> (181 Triples)</li>
<li><a href='http://emcons.net'>emcons.net</a> (180 Triples)</li>
<li><a href='http://adrien-poggetti.com'>adrien-poggetti.com</a> (180 Triples)</li>
<li><a href='http://creativ-e-motion.fr'>creativ-e-motion.fr</a> (174 Triples)</li>
<li><a href='http://jeromecollomb.com'>jeromecollomb.com</a> (174 Triples)</li>
<li><a href='http://royer-elisa.com'>royer-elisa.com</a> (174 Triples)</li>
<li><a href='http://selim-tavukcuoglu.com'>selim-tavukcuoglu.com</a> (174 Triples)</li>
<li><a href='http://jblin.com'>jblin.com</a> (171 Triples)</li>
<li><a href='http://maeva-olive.com'>maeva-olive.com</a> (169 Triples)</li>
<li><a href='http://waconservation.org'>waconservation.org</a> (168 Triples)</li>
<li><a href='http://guyllaumedoyer.com'>guyllaumedoyer.com</a> (168 Triples)</li>
<li><a href='http://gontran-paillez.com'>gontran-paillez.com</a> (167 Triples)</li>
<li><a href='http://mainier.com'>mainier.com</a> (167 Triples)</li>
<li><a href='http://igarbev.com'>igarbev.com</a> (167 Triples)</li>
<li><a href='http://guillaume-lhuillier.com'>guillaume-lhuillier.com</a> (166 Triples)</li>
<li><a href='http://nicolasmourer.com'>nicolasmourer.com</a> (165 Triples)</li>
<li><a href='http://interfolio.com'>interfolio.com</a> (164 Triples)</li>
<li><a href='http://clarisse-allain.com'>clarisse-allain.com</a> (164 Triples)</li>
<li><a href='http://julien-perrin.com'>julien-perrin.com</a> (163 Triples)</li>
<li><a href='http://csarven.ca'>csarven.ca</a> (163 Triples)</li>
<li><a href='http://gregory-boulanger.info'>gregory-boulanger.info</a> (163 Triples)</li>
<li><a href='http://gorangligorin.com'>gorangligorin.com</a> (162 Triples)</li>
<li><a href='http://anne-trouvat.com'>anne-trouvat.com</a> (162 Triples)</li>
<li><a href='http://nicolas-martin.com'>nicolas-martin.com</a> (162 Triples)</li>
<li><a href='http://florian-ronzi.com'>florian-ronzi.com</a> (161 Triples)</li>
<li><a href='http://joshjanicek.com'>joshjanicek.com</a> (160 Triples)</li>
<li><a href='http://paultarjan.com'>paultarjan.com</a> (160 Triples)</li>
<li><a href='http://jonathonbolster.co.uk'>jonathonbolster.co.uk</a> (160 Triples)</li>
<li><a href='http://diegorodriguez.es'>diegorodriguez.es</a> (159 Triples)</li>
<li><a href='http://alicemeker.com'>alicemeker.com</a> (158 Triples)</li>
<li><a href='http://thomaskanze.fr'>thomaskanze.fr</a> (157 Triples)</li>
<li><a href='http://elsagodet.com'>elsagodet.com</a> (156 Triples)</li>
<li><a href='http://arnaud-bonnin.com'>arnaud-bonnin.com</a> (156 Triples)</li>
<li><a href='http://anseaume.fr'>anseaume.fr</a> (154 Triples)</li>
<li><a href='http://regis-ruby.com'>regis-ruby.com</a> (153 Triples)</li>
<li><a href='http://boldpx.com'>boldpx.com</a> (152 Triples)</li>
<li><a href='http://damien-autrusseau.com'>damien-autrusseau.com</a> (151 Triples)</li>
<li><a href='http://chadlindstrom.ca'>chadlindstrom.ca</a> (150 Triples)</li>
<li><a href='http://boldlyopen.com'>boldlyopen.com</a> (150 Triples)</li>
<li><a href='http://karine-warbesson.com'>karine-warbesson.com</a> (148 Triples)</li>
<li><a href='http://melissaditmore.com'>melissaditmore.com</a> (148 Triples)</li>
<li><a href='http://sophie-ponce.com'>sophie-ponce.com</a> (146 Triples)</li>
<li><a href='http://stanford.edu'>stanford.edu</a> (146 Triples)</li>
<li><a href='http://simon-legouge.com'>simon-legouge.com</a> (144 Triples)</li>
<li><a href='http://nmconservation.org'>nmconservation.org</a> (144 Triples)</li>
<li><a href='http://harold-estassy.com'>harold-estassy.com</a> (143 Triples)</li>
<li><a href='http://romain-grellety.com'>romain-grellety.com</a> (142 Triples)</li>
<li><a href='http://jonathanbrossard.com'>jonathanbrossard.com</a> (141 Triples)</li>
<li><a href='http://zakdiakite.com'>zakdiakite.com</a> (141 Triples)</li>
<li><a href='http://aude-bertrand.com'>aude-bertrand.com</a> (138 Triples)</li>
<li><a href='http://gregsinclair.info'>gregsinclair.info</a> (134 Triples)</li>
<li><a href='http://dotrob.com'>dotrob.com</a> (133 Triples)</li>
<li><a href='http://damien-decaux.com'>damien-decaux.com</a> (132 Triples)</li>
<li><a href='http://justinhileman.com'>justinhileman.com</a> (132 Triples)</li>
<li><a href='http://danielheadey.com'>danielheadey.com</a> (132 Triples)</li>
<li><a href='http://stephenliu.com'>stephenliu.com</a> (132 Triples)</li>
<li><a href='http://l2fprod.com'>l2fprod.com</a> (130 Triples)</li>
<li><a href='http://ntoll.org'>ntoll.org</a> (128 Triples)</li>
<li><a href='http://db48x.net'>db48x.net</a> (127 Triples)</li>
<li><a href='http://miguel-diaz.com'>miguel-diaz.com</a> (127 Triples)</li>
<li><a href='http://marine-lieffroy.com'>marine-lieffroy.com</a> (126 Triples)</li>
<li><a href='http://rorkvell.de'>rorkvell.de</a> (126 Triples)</li>
<li><a href='http://alexandremuller.fr'>alexandremuller.fr</a> (126 Triples)</li>
<li><a href='http://anthony-chenais.com'>anthony-chenais.com</a> (123 Triples)</li>
<li><a href='http://erwann-guirriec.fr'>erwann-guirriec.fr</a> (122 Triples)</li>
<li><a href='http://staceycordoni.com'>staceycordoni.com</a> (122 Triples)</li>
<li><a href='http://khk.net'>khk.net</a> (122 Triples)</li>
<li><a href='http://muschamp.ca'>muschamp.ca</a> (122 Triples)</li>
<li><a href='http://lucile-ferraton.com'>lucile-ferraton.com</a> (122 Triples)</li>
<li><a href='http://nathalie-gruillot.com'>nathalie-gruillot.com</a> (120 Triples)</li>
<li><a href='http://speech-language-pathologist.com'>speech-language-pathologist.com</a> (120 Triples)</li>
<li><a href='http://gilmar.eti.br'>gilmar.eti.br</a> (120 Triples)</li>
<li><a href='http://oconnor.cx'>oconnor.cx</a> (119 Triples)</li>
<li><a href='http://mattwilliamsnyc.com'>mattwilliamsnyc.com</a> (118 Triples)</li>
<li><a href='http://dosimple.ch'>dosimple.ch</a> (118 Triples)</li>
<li><a href='http://eleanordebondy.com'>eleanordebondy.com</a> (116 Triples)</li>
<li><a href='http://sabineaussenac.com'>sabineaussenac.com</a> (116 Triples)</li>
<li><a href='http://johanna-castelli.com'>johanna-castelli.com</a> (115 Triples)</li>
<li><a href='http://rogerrohrbach.com'>rogerrohrbach.com</a> (114 Triples)</li>
<li><a href='http://yann-bresson.com'>yann-bresson.com</a> (114 Triples)</li>
<li><a href='http://manuel-sorroche.com'>manuel-sorroche.com</a> (114 Triples)</li>
<li><a href='http://vunamhung.com'>vunamhung.com</a> (114 Triples)</li>
<li><a href='http://matthieu-gass.com'>matthieu-gass.com</a> (114 Triples)</li>
<li><a href='http://lynnmurphy.com'>lynnmurphy.com</a> (113 Triples)</li>
<li><a href='http://piasetzki.name'>piasetzki.name</a> (113 Triples)</li>
<li><a href='http://anthony-goulian.com'>anthony-goulian.com</a> (112 Triples)</li>
<li><a href='http://realify.com'>realify.com</a> (111 Triples)</li>
<li><a href='http://vincent-rostaing.com'>vincent-rostaing.com</a> (111 Triples)</li>
<li><a href='http://reidsrow.com'>reidsrow.com</a> (111 Triples)</li>
<li><a href='http://themaingate.net'>themaingate.net</a> (110 Triples)</li>
<li><a href='http://stefanvraspir.com'>stefanvraspir.com</a> (109 Triples)</li>
<li><a href='http://celia-challal.com'>celia-challal.com</a> (109 Triples)</li>
<li><a href='http://thomas-haessle.com'>thomas-haessle.com</a> (109 Triples)</li>
<li><a href='http://thomasraukamp.cc'>thomasraukamp.cc</a> (108 Triples)</li>
<li><a href='http://xetoya.com'>xetoya.com</a> (108 Triples)</li>
<li><a href='http://emilien.info'>emilien.info</a> (108 Triples)</li>
<li><a href='http://backdrifter.com'>backdrifter.com</a> (107 Triples)</li>
<li><a href='http://vincent-roux.fr'>vincent-roux.fr</a> (106 Triples)</li>
<li><a href='http://adrianoaguiar.com.br'>adrianoaguiar.com.br</a> (106 Triples)</li>
<li><a href='http://philippe-treguer.com'>philippe-treguer.com</a> (106 Triples)</li>
<li><a href='http://uhoreg.ca'>uhoreg.ca</a> (106 Triples)</li>
<li><a href='http://yungraphik.com'>yungraphik.com</a> (105 Triples)</li>
<li><a href='http://kebawe.com'>kebawe.com</a> (105 Triples)</li>
<li><a href='http://christophe-lambrechts.fr'>christophe-lambrechts.fr</a> (103 Triples)</li>
<li><a href='http://vibert.co.uk'>vibert.co.uk</a> (103 Triples)</li>
<li><a href='http://tiawilkins.com'>tiawilkins.com</a> (102 Triples)</li>
<li><a href='http://foroagro.com.ar'>foroagro.com.ar</a> (101 Triples)</li>
<li><a href='http://dankarran.com'>dankarran.com</a> (101 Triples)</li>
<li><a href='http://antix.co.uk'>antix.co.uk</a> (101 Triples)</li>
<li><a href='http://florian-chaze.com'>florian-chaze.com</a> (100 Triples)</li>
<li><a href='http://juanmiguelsalas.tk'>juanmiguelsalas.tk</a> (100 Triples)</li>
<li><a href='http://bindika.fr'>bindika.fr</a> (100 Triples)</li>
<li><a href='http://websurfer.ca'>websurfer.ca</a> (100 Triples)</li>
<li><a href='http://googlegroups.com'>googlegroups.com</a> (100 Triples)</li>
<li><a href='http://steflewandowski.com'>steflewandowski.com</a> (98 Triples)</li>
<li><a href='http://bash.am'>bash.am</a> (98 Triples)</li>
<li><a href='http://fanny-bonnin.com'>fanny-bonnin.com</a> (98 Triples)</li>
<li><a href='http://milesrausch.com'>milesrausch.com</a> (98 Triples)</li>
<li><a href='http://xeon-international.com'>xeon-international.com</a> (97 Triples)</li>
<li><a href='http://uncrease.com'>uncrease.com</a> (97 Triples)</li>
<li><a href='http://anne-soetemondt.com'>anne-soetemondt.com</a> (96 Triples)</li>
<li><a href='http://ouestjob.com'>ouestjob.com</a> (96 Triples)</li>
<li><a href='http://webdirections.org'>webdirections.org</a> (96 Triples)</li>
<li><a href='http://joshhuckabee.com'>joshhuckabee.com</a> (95 Triples)</li>
<li><a href='http://olivierlaurent.net'>olivierlaurent.net</a> (95 Triples)</li>
<li><a href='http://stacycook.com'>stacycook.com</a> (94 Triples)</li>
<li><a href='http://szemafor.com'>szemafor.com</a> (94 Triples)</li>
<li><a href='http://stef.io'>stef.io</a> (93 Triples)</li>
<li><a href='http://wizpip.com'>wizpip.com</a> (93 Triples)</li>
<li><a href='http://thesqueezepage.com'>thesqueezepage.com</a> (93 Triples)</li>
<li><a href='http://kruchoski.com'>kruchoski.com</a> (92 Triples)</li>
<li><a href='http://memero.org'>memero.org</a> (92 Triples)</li>
<li><a href='http://valerie-girard.com'>valerie-girard.com</a> (92 Triples)</li>
<li><a href='http://fabien-amico.fr'>fabien-amico.fr</a> (91 Triples)</li>
<li><a href='http://glennnorwood.co.uk'>glennnorwood.co.uk</a> (90 Triples)</li>
<li><a href='http://daniel-costello.com'>daniel-costello.com</a> (90 Triples)</li>
<li><a href='http://konyukhov.com'>konyukhov.com</a> (90 Triples)</li>
<li><a href='http://francois-champain.com'>francois-champain.com</a> (90 Triples)</li>
<li><a href='http://thurinusworks.com'>thurinusworks.com</a> (89 Triples)</li>
<li><a href='http://geonius.com'>geonius.com</a> (89 Triples)</li>
<li><a href='http://lauren.me'>lauren.me</a> (89 Triples)</li>
<li><a href='http://noahjaehnert.com'>noahjaehnert.com</a> (89 Triples)</li>
<li><a href='http://bigsmoke.us'>bigsmoke.us</a> (88 Triples)</li>
<li><a href='http://ahhdesigns.com'>ahhdesigns.com</a> (88 Triples)</li>
<li><a href='http://ad7six.com'>ad7six.com</a> (88 Triples)</li>
<li><a href='http://changelog.ca'>changelog.ca</a> (88 Triples)</li>
<li><a href='http://dustyjewett.com'>dustyjewett.com</a> (88 Triples)</li>
<li><a href='http://francoispellan.com'>francoispellan.com</a> (87 Triples)</li>
<li><a href='http://askthenerds.net'>askthenerds.net</a> (85 Triples)</li>
<li><a href='http://jocelyn-niget.com'>jocelyn-niget.com</a> (85 Triples)</li>
<li><a href='http://diginja.com'>diginja.com</a> (84 Triples)</li>
<li><a href='http://laurence-lebousse.com'>laurence-lebousse.com</a> (84 Triples)</li>
<li><a href='http://jpcstudio.fr'>jpcstudio.fr</a> (83 Triples)</li>
<li><a href='http://xtramotion.com'>xtramotion.com</a> (82 Triples)</li>
<li><a href='http://daub.us'>daub.us</a> (82 Triples)</li>
<li><a href='http://mortonbrilliant.com'>mortonbrilliant.com</a> (82 Triples)</li>
<li><a href='http://nomadcode.com'>nomadcode.com</a> (82 Triples)</li>
<li><a href='http://mikedaub.us'>mikedaub.us</a> (82 Triples)</li>
<li><a href='http://sylvainmarcelli.com'>sylvainmarcelli.com</a> (81 Triples)</li>
<li><a href='http://eugeneduvenage.com'>eugeneduvenage.com</a> (81 Triples)</li>
<li><a href='http://francistuttle.com'>francistuttle.com</a> (80 Triples)</li>
<li><a href='http://maxlind.com'>maxlind.com</a> (80 Triples)</li>
<li><a href='http://thibaut-bertrand.fr'>thibaut-bertrand.fr</a> (80 Triples)</li>
<li><a href='http://agachi.name'>agachi.name</a> (80 Triples)</li>
<li><a href='http://cotescu.com'>cotescu.com</a> (79 Triples)</li>
<li><a href='http://taggel.com'>taggel.com</a> (79 Triples)</li>
<li><a href='http://kourge.net'>kourge.net</a> (79 Triples)</li>
<li><a href='http://zachleat.com'>zachleat.com</a> (79 Triples)</li>
<li><a href='http://phake.ru'>phake.ru</a> (78 Triples)</li>
<li><a href='http://jasonwhutchinson.com'>jasonwhutchinson.com</a> (78 Triples)</li>
<li><a href='http://accounting.am'>accounting.am</a> (78 Triples)</li>
<li><a href='http://olivier-dutel.com'>olivier-dutel.com</a> (78 Triples)</li>
<li><a href='http://fredericgouth.com'>fredericgouth.com</a> (78 Triples)</li>
<li><a href='http://donjohann.se'>donjohann.se</a> (76 Triples)</li>
<li><a href='http://codesatori.com'>codesatori.com</a> (76 Triples)</li>
<li><a href='http://arsmachina.com.br'>arsmachina.com.br</a> (76 Triples)</li>
<li><a href='http://talmuth.kiev.ua'>talmuth.kiev.ua</a> (76 Triples)</li>
<li><a href='http://wolfgangmetzner.com'>wolfgangmetzner.com</a> (75 Triples)</li>
<li><a href='http://danblows.com'>danblows.com</a> (75 Triples)</li>
<li><a href='http://maxime-corvaisier.com'>maxime-corvaisier.com</a> (74 Triples)</li>
<li><a href='http://wosko.us'>wosko.us</a> (73 Triples)</li>
<li><a href='http://andrewjaswa.com'>andrewjaswa.com</a> (73 Triples)</li>
<li><a href='http://lepich.com'>lepich.com</a> (73 Triples)</li>
<li><a href='http://expertojoomla.net'>expertojoomla.net</a> (72 Triples)</li>
<li><a href='http://ivanereiz.com'>ivanereiz.com</a> (72 Triples)</li>
<li><a href='http://cummin.gs'>cummin.gs</a> (72 Triples)</li>
<li><a href='http://nicolas-didier.com'>nicolas-didier.com</a> (72 Triples)</li>
<li><a href='http://21vijf.nl'>21vijf.nl</a> (71 Triples)</li>
<li><a href='http://kurilenko.com'>kurilenko.com</a> (71 Triples)</li>
<li><a href='http://tenderlovemaking.com'>tenderlovemaking.com</a> (70 Triples)</li>
<li><a href='http://thomasnorberg.com'>thomasnorberg.com</a> (70 Triples)</li>
<li><a href='http://k-create.com'>k-create.com</a> (70 Triples)</li>
<li><a href='http://incise.org'>incise.org</a> (69 Triples)</li>
<li><a href='http://johan-kieger.com'>johan-kieger.com</a> (69 Triples)</li>
<li><a href='http://tiernok.com'>tiernok.com</a> (69 Triples)</li>
<li><a href='http://byersalex.com'>byersalex.com</a> (68 Triples)</li>
<li><a href='http://maximemaisonneuve.com'>maximemaisonneuve.com</a> (67 Triples)</li>
<li><a href='http://victorb.net'>victorb.net</a> (67 Triples)</li>
<li><a href='http://biomedcomjobs.ca'>biomedcomjobs.ca</a> (67 Triples)</li>
<li><a href='http://co.cc'>co.cc</a> (66 Triples)</li>
<li><a href='http://sebastien-meric.com'>sebastien-meric.com</a> (66 Triples)</li>
<li><a href='http://georgebrock.com'>georgebrock.com</a> (65 Triples)</li>
<li><a href='http://edcchang.com'>edcchang.com</a> (65 Triples)</li>
<li><a href='http://kurtschweitzer.com'>kurtschweitzer.com</a> (65 Triples)</li>
<li><a href='http://scottwallick.com'>scottwallick.com</a> (65 Triples)</li>
<li><a href='http://mads-pedersen.dk'>mads-pedersen.dk</a> (64 Triples)</li>
<li><a href='http://sjkingston.com'>sjkingston.com</a> (64 Triples)</li>
<li><a href='http://naima-el-kechai.com'>naima-el-kechai.com</a> (64 Triples)</li>
<li><a href='http://pierre-le-houerou.com'>pierre-le-houerou.com</a> (64 Triples)</li>
<li><a href='http://kixx.name'>kixx.name</a> (64 Triples)</li>
<li><a href='http://benward.me'>benward.me</a> (64 Triples)</li>
<li><a href='http://eric-joliey.com'>eric-joliey.com</a> (64 Triples)</li>
<li><a href='http://caitlinshanley.com'>caitlinshanley.com</a> (63 Triples)</li>
<li><a href='http://littleredbat.net'>littleredbat.net</a> (63 Triples)</li>
<li><a href='http://crainsnewyork.com'>crainsnewyork.com</a> (63 Triples)</li>
<li><a href='http://shimpossible.com'>shimpossible.com</a> (63 Triples)</li>
<li><a href='http://zacwitte.com'>zacwitte.com</a> (63 Triples)</li>
<li><a href='http://javierlopezgonzalez.es'>javierlopezgonzalez.es</a> (63 Triples)</li>
<li><a href='http://falsepositives.com'>falsepositives.com</a> (62 Triples)</li>
<li><a href='http://andywidodo.com'>andywidodo.com</a> (62 Triples)</li>
<li><a href='http://utl.pt'>utl.pt</a> (62 Triples)</li>
<li><a href='http://lucile-boisseau.com'>lucile-boisseau.com</a> (62 Triples)</li>
<li><a href='http://faromedia.it'>faromedia.it</a> (62 Triples)</li>
<li><a href='http://ganz.name'>ganz.name</a> (62 Triples)</li>
<li><a href='http://tomascardonapla.com'>tomascardonapla.com</a> (61 Triples)</li>
<li><a href='http://jtwd.co.uk'>jtwd.co.uk</a> (61 Triples)</li>
<li><a href='http://kopyl.com'>kopyl.com</a> (61 Triples)</li>
<li><a href='http://mikelikesbikes.com'>mikelikesbikes.com</a> (60 Triples)</li>
<li><a href='http://filmoreha.com'>filmoreha.com</a> (60 Triples)</li>
<li><a href='http://romuald-peignot.com'>romuald-peignot.com</a> (60 Triples)</li>
<li><a href='http://threels.com'>threels.com</a> (60 Triples)</li>
<li><a href='http://jeanfrancoislegat.com'>jeanfrancoislegat.com</a> (60 Triples)</li>
<li><a href='http://shutterfly.com'>shutterfly.com</a> (60 Triples)</li>
<li><a href='http://annechitrit.com'>annechitrit.com</a> (60 Triples)</li>
<li><a href='http://klokie.com'>klokie.com</a> (60 Triples)</li>
<li><a href='http://coffeepowered.co.uk'>coffeepowered.co.uk</a> (60 Triples)</li>
<li><a href='http://cindy-cornet.com'>cindy-cornet.com</a> (59 Triples)</li>
<li><a href='http://marguerite-dumont.com'>marguerite-dumont.com</a> (59 Triples)</li>
<li><a href='http://paulirish.com'>paulirish.com</a> (59 Triples)</li>
<li><a href='http://fraudain.fr'>fraudain.fr</a> (59 Triples)</li>
<li><a href='http://christopheducamp.com'>christopheducamp.com</a> (59 Triples)</li>
<li><a href='http://mark-silver.com'>mark-silver.com</a> (59 Triples)</li>
<li><a href='http://kevox.co.uk'>kevox.co.uk</a> (59 Triples)</li>
<li><a href='http://noelle-barreau.com'>noelle-barreau.com</a> (59 Triples)</li>
<li><a href='http://rmsguhan.com'>rmsguhan.com</a> (59 Triples)</li>
<li><a href='http://jenniferding.fr'>jenniferding.fr</a> (58 Triples)</li>
<li><a href='http://dvir.us'>dvir.us</a> (58 Triples)</li>
<li><a href='http://lichurec.com'>lichurec.com</a> (58 Triples)</li>
<li><a href='http://peggy-gueguen.com'>peggy-gueguen.com</a> (58 Triples)</li>
<li><a href='http://fredericfruhauf.fr'>fredericfruhauf.fr</a> (58 Triples)</li>
<li><a href='http://rodriguezfernando.com'>rodriguezfernando.com</a> (57 Triples)</li>
<li><a href='http://williandomingues.com.br'>williandomingues.com.br</a> (57 Triples)</li>
<li><a href='http://aliiv.info'>aliiv.info</a> (57 Triples)</li>
<li><a href='http://jaysudarma.com'>jaysudarma.com</a> (57 Triples)</li>
<li><a href='http://evajaneiro.com'>evajaneiro.com</a> (57 Triples)</li>
<li><a href='http://dakrauth.com'>dakrauth.com</a> (57 Triples)</li>
<li><a href='http://cherrypjammies.com'>cherrypjammies.com</a> (57 Triples)</li>
<li><a href='http://rewal-spa.pl'>rewal-spa.pl</a> (57 Triples)</li>
<li><a href='http://patryandesign.com'>patryandesign.com</a> (57 Triples)</li>
<li><a href='http://heynikkio.com'>heynikkio.com</a> (57 Triples)</li>
<li><a href='http://joulespersecond.com'>joulespersecond.com</a> (57 Triples)</li>
<li><a href='http://dan-drylewicz.com'>dan-drylewicz.com</a> (57 Triples)</li>
<li><a href='http://ihminen.org'>ihminen.org</a> (57 Triples)</li>
<li><a href='http://emmyandmichael.us'>emmyandmichael.us</a> (57 Triples)</li>
<li><a href='http://jen-spec.com'>jen-spec.com</a> (57 Triples)</li>
<li><a href='http://pullingart.nl'>pullingart.nl</a> (57 Triples)</li>
<li><a href='http://loic-bommersbach.com'>loic-bommersbach.com</a> (57 Triples)</li>
<li><a href='http://slater.net'>slater.net</a> (57 Triples)</li>
<li><a href='http://kizizzle.com'>kizizzle.com</a> (57 Triples)</li>
<li><a href='http://lucasmodena.com'>lucasmodena.com</a> (57 Triples)</li>
<li><a href='http://lluisdomingo.com'>lluisdomingo.com</a> (57 Triples)</li>
<li><a href='http://mikaelfritts.com'>mikaelfritts.com</a> (56 Triples)</li>
<li><a href='http://kerihenare.com'>kerihenare.com</a> (56 Triples)</li>
<li><a href='http://loic-brocher.fr'>loic-brocher.fr</a> (56 Triples)</li>
<li><a href='http://mrgaetan.eu'>mrgaetan.eu</a> (56 Triples)</li>
<li><a href='http://marc-bawol.com'>marc-bawol.com</a> (56 Triples)</li>
<li><a href='http://aminche.com'>aminche.com</a> (56 Triples)</li>
<li><a href='http://christophe-amalric.eu'>christophe-amalric.eu</a> (56 Triples)</li>
<li><a href='http://guerrilladigital.cc'>guerrilladigital.cc</a> (56 Triples)</li>
<li><a href='http://axel-cherri.com'>axel-cherri.com</a> (56 Triples)</li>
<li><a href='http://frankvilhelmsen.com'>frankvilhelmsen.com</a> (56 Triples)</li>
<li><a href='http://sylvie-trayssac.com'>sylvie-trayssac.com</a> (55 Triples)</li>
<li><a href='http://rene3d.com'>rene3d.com</a> (55 Triples)</li>
<li><a href='http://antonj.se'>antonj.se</a> (55 Triples)</li>
<li><a href='http://annlou-traduction.com'>annlou-traduction.com</a> (55 Triples)</li>
<li><a href='http://grayceworks.com'>grayceworks.com</a> (55 Triples)</li>
<li><a href='http://communisplus.be'>communisplus.be</a> (54 Triples)</li>
<li><a href='http://waglo.com'>waglo.com</a> (54 Triples)</li>
<li><a href='http://tylerhagan.co.uk'>tylerhagan.co.uk</a> (54 Triples)</li>
<li><a href='http://davidsmawfield.com'>davidsmawfield.com</a> (54 Triples)</li>
<li><a href='http://dystophia.pl'>dystophia.pl</a> (54 Triples)</li>
<li><a href='http://marieaineto.com'>marieaineto.com</a> (54 Triples)</li>
<li><a href='http://christophe-delaroche-vernet.com'>christophe-delaroche-vernet.com</a> (54 Triples)</li>
<li><a href='http://adriandalvarez.com'>adriandalvarez.com</a> (54 Triples)</li>
<li><a href='http://xorax.info'>xorax.info</a> (54 Triples)</li>
<li><a href='http://rasovsky.ru'>rasovsky.ru</a> (54 Triples)</li>
<li><a href='http://dreamcarcompany.com'>dreamcarcompany.com</a> (54 Triples)</li>
<li><a href='http://dreamcarcompany.nl'>dreamcarcompany.nl</a> (54 Triples)</li>
<li><a href='http://philippe-mugnier.fr'>philippe-mugnier.fr</a> (54 Triples)</li>
<li><a href='http://harveysm.com'>harveysm.com</a> (54 Triples)</li>
<li><a href='http://iamshanebecker.com'>iamshanebecker.com</a> (54 Triples)</li>
<li><a href='http://andreamaggioni.it'>andreamaggioni.it</a> (54 Triples)</li>
<li><a href='http://raimondi.name'>raimondi.name</a> (54 Triples)</li>
<li><a href='http://jeffstalnaker.com'>jeffstalnaker.com</a> (53 Triples)</li>
<li><a href='http://pkqk.net'>pkqk.net</a> (53 Triples)</li>
<li><a href='http://lucie-pearson.com'>lucie-pearson.com</a> (53 Triples)</li>
<li><a href='http://tau.ac.il'>tau.ac.il</a> (53 Triples)</li>
<li><a href='http://basilosman.com'>basilosman.com</a> (53 Triples)</li>
<li><a href='http://gael-biche.fr'>gael-biche.fr</a> (53 Triples)</li>
<li><a href='http://fetchthehorizon.com'>fetchthehorizon.com</a> (52 Triples)</li>
<li><a href='http://escense.nl'>escense.nl</a> (52 Triples)</li>
<li><a href='http://tazmon.com'>tazmon.com</a> (52 Triples)</li>
<li><a href='http://evason.name'>evason.name</a> (51 Triples)</li>
<li><a href='http://thibaudbrunet-charpentier.com'>thibaudbrunet-charpentier.com</a> (51 Triples)</li>
<li><a href='http://ivorychafin.com'>ivorychafin.com</a> (51 Triples)</li>
<li><a href='http://improbable.org'>improbable.org</a> (51 Triples)</li>
<li><a href='http://motane.lu'>motane.lu</a> (51 Triples)</li>
<li><a href='http://andrewflanagan.com'>andrewflanagan.com</a> (51 Triples)</li>
<li><a href='http://magali-dat.com'>magali-dat.com</a> (51 Triples)</li>
<li><a href='http://celine-haentzler.com'>celine-haentzler.com</a> (50 Triples)</li>
<li><a href='http://inlineblock.co.uk'>inlineblock.co.uk</a> (50 Triples)</li>
<li><a href='http://cedricsoares.com'>cedricsoares.com</a> (50 Triples)</li>
<li><a href='http://thierry-portier.com'>thierry-portier.com</a> (50 Triples)</li>
<li><a href='http://inline-block.co.uk'>inline-block.co.uk</a> (50 Triples)</li>
<li><a href='http://eric-bobee.com'>eric-bobee.com</a> (50 Triples)</li>
<li><a href='http://lionel-girard.fr'>lionel-girard.fr</a> (50 Triples)</li>
<li><a href='http://pierre-pecassou.com'>pierre-pecassou.com</a> (50 Triples)</li>
<li><a href='http://nicolas-saurin.com'>nicolas-saurin.com</a> (50 Triples)</li>
<li><a href='http://paulosman.me'>paulosman.me</a> (49 Triples)</li>
<li><a href='http://jnorton.co.uk'>jnorton.co.uk</a> (49 Triples)</li>
<li><a href='http://conragan.com'>conragan.com</a> (49 Triples)</li>
<li><a href='http://johanramon.fr'>johanramon.fr</a> (49 Triples)</li>
<li><a href='http://condicioncreativa.com'>condicioncreativa.com</a> (49 Triples)</li>
<li><a href='http://alesson-souza.com'>alesson-souza.com</a> (48 Triples)</li>
<li><a href='http://mysterycommand.com'>mysterycommand.com</a> (48 Triples)</li>
<li><a href='http://patrick-schulze.biz'>patrick-schulze.biz</a> (48 Triples)</li>
<li><a href='http://francoisthibaud.com'>francoisthibaud.com</a> (48 Triples)</li>
<li><a href='http://nonsensebb.com'>nonsensebb.com</a> (48 Triples)</li>
<li><a href='http://marketingsystem123.com'>marketingsystem123.com</a> (48 Triples)</li>
<li><a href='http://neilcrosby.com'>neilcrosby.com</a> (48 Triples)</li>
<li><a href='http://reduser.pl'>reduser.pl</a> (48 Triples)</li>
<li><a href='http://jacquesguidi.com'>jacquesguidi.com</a> (48 Triples)</li>
<li><a href='http://davidvellut.net'>davidvellut.net</a> (48 Triples)</li>
<li><a href='http://dominique-augier.com'>dominique-augier.com</a> (48 Triples)</li>
<li><a href='http://benjamin-santi.com'>benjamin-santi.com</a> (47 Triples)</li>
<li><a href='http://banaan.org'>banaan.org</a> (47 Triples)</li>
<li><a href='http://isabelle-hedouin-ruty.com'>isabelle-hedouin-ruty.com</a> (47 Triples)</li>
<li><a href='http://pierre-jollet.com'>pierre-jollet.com</a> (47 Triples)</li>
<li><a href='http://markholton.com'>markholton.com</a> (47 Triples)</li>
<li><a href='http://loqus.nl'>loqus.nl</a> (47 Triples)</li>
<li><a href='http://suda.co.uk'>suda.co.uk</a> (46 Triples)</li>
<li><a href='http://xicanista.net'>xicanista.net</a> (46 Triples)</li>
<li><a href='http://ericarios.com'>ericarios.com</a> (46 Triples)</li>
<li><a href='http://michael-mary.com'>michael-mary.com</a> (46 Triples)</li>
<li><a href='http://justine-remaudiere.com'>justine-remaudiere.com</a> (46 Triples)</li>
<li><a href='http://processnet1.com'>processnet1.com</a> (46 Triples)</li>
<li><a href='http://laurianne-le-cossec.com'>laurianne-le-cossec.com</a> (46 Triples)</li>
<li><a href='http://brookellingwood.com'>brookellingwood.com</a> (46 Triples)</li>
<li><a href='http://aaronmbond.com'>aaronmbond.com</a> (46 Triples)</li>
<li><a href='http://alcidesfonseca.com'>alcidesfonseca.com</a> (46 Triples)</li>
<li><a href='http://dogaoztuzun.com'>dogaoztuzun.com</a> (46 Triples)</li>
<li><a href='http://fabien-gaboriau.com'>fabien-gaboriau.com</a> (46 Triples)</li>
<li><a href='http://yannick-puget.fr'>yannick-puget.fr</a> (45 Triples)</li>
<li><a href='http://angel-alonso.net'>angel-alonso.net</a> (45 Triples)</li>
<li><a href='http://jnewland.com'>jnewland.com</a> (45 Triples)</li>
<li><a href='http://sophie-saint-martin.com'>sophie-saint-martin.com</a> (45 Triples)</li>
<li><a href='http://onemanairshow.org'>onemanairshow.org</a> (45 Triples)</li>
<li><a href='http://chrisdigitalthais.com'>chrisdigitalthais.com</a> (45 Triples)</li>
<li><a href='http://karandashevs.ru'>karandashevs.ru</a> (45 Triples)</li>
<li><a href='http://nikbrown.com'>nikbrown.com</a> (45 Triples)</li>
<li><a href='http://fvs.me'>fvs.me</a> (45 Triples)</li>
<li><a href='http://yuvalsadan.com'>yuvalsadan.com</a> (45 Triples)</li>
<li><a href='http://blogadresse.de'>blogadresse.de</a> (45 Triples)</li>
<li><a href='http://ranea.org'>ranea.org</a> (45 Triples)</li>
<li><a href='http://pierreda.com'>pierreda.com</a> (45 Triples)</li>
<li><a href='http://olivierblais.com'>olivierblais.com</a> (45 Triples)</li>
<li><a href='http://aurelienbois.fr'>aurelienbois.fr</a> (45 Triples)</li>
<li><a href='http://usdesign.it'>usdesign.it</a> (45 Triples)</li>
<li><a href='http://reloco.com.ar'>reloco.com.ar</a> (44 Triples)</li>
<li><a href='http://amelie-guerin.com'>amelie-guerin.com</a> (44 Triples)</li>
<li><a href='http://optikjunk.de'>optikjunk.de</a> (44 Triples)</li>
<li><a href='http://jeremydomis.fr'>jeremydomis.fr</a> (44 Triples)</li>
<li><a href='http://usrportage.de'>usrportage.de</a> (44 Triples)</li>
<li><a href='http://anouar-el-hajjami.com'>anouar-el-hajjami.com</a> (44 Triples)</li>
<li><a href='http://xn--trkkmedia-m8a.no'>xn--trkkmedia-m8a.no</a> (43 Triples)</li>
<li><a href='http://vincent-petre.com'>vincent-petre.com</a> (43 Triples)</li>
<li><a href='http://mediaonepro.com'>mediaonepro.com</a> (43 Triples)</li>
<li><a href='http://wehuberconsultingllc.com'>wehuberconsultingllc.com</a> (43 Triples)</li>
<li><a href='http://paulschmidt.org'>paulschmidt.org</a> (43 Triples)</li>
<li><a href='http://fodmundi-portfolio-laurentpapin.net'>fodmundi-portfolio-laurentpapin.net</a> (43 Triples)</li>
<li><a href='http://guillaume-monjal.com'>guillaume-monjal.com</a> (43 Triples)</li>
<li><a href='http://charlotte-germond.com'>charlotte-germond.com</a> (43 Triples)</li>
<li><a href='http://charabaruk.com'>charabaruk.com</a> (43 Triples)</li>
<li><a href='http://gregory-daniot.com'>gregory-daniot.com</a> (43 Triples)</li>
<li><a href='http://fannyforest.com'>fannyforest.com</a> (43 Triples)</li>
<li><a href='http://emilienegre.com'>emilienegre.com</a> (42 Triples)</li>
<li><a href='http://resolio.com'>resolio.com</a> (42 Triples)</li>
<li><a href='http://technewslit.com'>technewslit.com</a> (42 Triples)</li>
<li><a href='http://troxell.com'>troxell.com</a> (42 Triples)</li>
<li><a href='http://emmanuel-boullier.info'>emmanuel-boullier.info</a> (42 Triples)</li>
<li><a href='http://maxcutler.com'>maxcutler.com</a> (42 Triples)</li>
<li><a href='http://trezie.tv'>trezie.tv</a> (42 Triples)</li>
<li><a href='http://jeoffrey-gonzales.com'>jeoffrey-gonzales.com</a> (42 Triples)</li>
<li><a href='http://shiningray.cn'>shiningray.cn</a> (42 Triples)</li>
<li><a href='http://rajiv.com'>rajiv.com</a> (42 Triples)</li>
<li><a href='http://christophe-malo.fr'>christophe-malo.fr</a> (42 Triples)</li>
<li><a href='http://mikael-moreau.com'>mikael-moreau.com</a> (42 Triples)</li>
<li><a href='http://geraldaungst.com'>geraldaungst.com</a> (42 Triples)</li>
<li><a href='http://stephane-langonnet.com'>stephane-langonnet.com</a> (42 Triples)</li>
<li><a href='http://julietremblay.com'>julietremblay.com</a> (42 Triples)</li>
<li><a href='http://juliengayet.com'>juliengayet.com</a> (42 Triples)</li>
<li><a href='http://cv-webmarketer.fr'>cv-webmarketer.fr</a> (42 Triples)</li>
<li><a href='http://prv.pl'>prv.pl</a> (41 Triples)</li>
<li><a href='http://ykweyer.fr'>ykweyer.fr</a> (41 Triples)</li>
<li><a href='http://marion-carlo.com'>marion-carlo.com</a> (41 Triples)</li>
<li><a href='http://timothymorgan.info'>timothymorgan.info</a> (41 Triples)</li>
<li><a href='http://david-hodin.com'>david-hodin.com</a> (41 Triples)</li>
<li><a href='http://natalia-sobol.com'>natalia-sobol.com</a> (41 Triples)</li>
<li><a href='http://room3b.eu'>room3b.eu</a> (41 Triples)</li>
<li><a href='http://terminalprocedures.com'>terminalprocedures.com</a> (41 Triples)</li>
<li><a href='http://qgable.com'>qgable.com</a> (41 Triples)</li>
<li><a href='http://sebastien-ginestra.com'>sebastien-ginestra.com</a> (41 Triples)</li>
<li><a href='http://cyrille-kittel.com'>cyrille-kittel.com</a> (41 Triples)</li>
<li><a href='http://sonia-abbes.com'>sonia-abbes.com</a> (41 Triples)</li>
<li><a href='http://kellygifford.com'>kellygifford.com</a> (40 Triples)</li>
<li><a href='http://slaven.net.au'>slaven.net.au</a> (40 Triples)</li>
<li><a href='http://delorenzo.info'>delorenzo.info</a> (40 Triples)</li>
<li><a href='http://maryhuntsberry.com'>maryhuntsberry.com</a> (40 Triples)</li>
<li><a href='http://kevinjgardner.co.uk'>kevinjgardner.co.uk</a> (40 Triples)</li>
<li><a href='http://andrewsdomain.net'>andrewsdomain.net</a> (40 Triples)</li>
<li><a href='http://millarian.com'>millarian.com</a> (40 Triples)</li>
<li><a href='http://caroline-belmas.com'>caroline-belmas.com</a> (40 Triples)</li>
<li><a href='http://rostane-gribi.com'>rostane-gribi.com</a> (40 Triples)</li>
<li><a href='http://simplycreative.hu'>simplycreative.hu</a> (40 Triples)</li>
<li><a href='http://ladywave.com'>ladywave.com</a> (40 Triples)</li>
<li><a href='http://hgs.org'>hgs.org</a> (40 Triples)</li>
<li><a href='http://archgfx.net'>archgfx.net</a> (40 Triples)</li>
<li><a href='http://charly-martineau.com'>charly-martineau.com</a> (40 Triples)</li>
<li><a href='http://remy-casteran.com'>remy-casteran.com</a> (40 Triples)</li>
<li><a href='http://xavierroy.com'>xavierroy.com</a> (40 Triples)</li>
<li><a href='http://wordpress.com'>wordpress.com</a> (40 Triples)</li>
<li><a href='http://laure-cormier.com'>laure-cormier.com</a> (40 Triples)</li>
<li><a href='http://williampottier.fr'>williampottier.fr</a> (40 Triples)</li>
<li><a href='http://audelaroche.com'>audelaroche.com</a> (40 Triples)</li>
<li><a href='http://pchs4allyears.com'>pchs4allyears.com</a> (40 Triples)</li>
<li><a href='http://erwan-busnel.com'>erwan-busnel.com</a> (40 Triples)</li>
<li><a href='http://blogspot.com'>blogspot.com</a> (40 Triples)</li>
<li><a href='http://florim-maxhuni.com'>florim-maxhuni.com</a> (40 Triples)</li>
<li><a href='http://cedric-segura.com'>cedric-segura.com</a> (40 Triples)</li>
<li><a href='http://atothet.org'>atothet.org</a> (40 Triples)</li>
<li><a href='http://evanmullins.com'>evanmullins.com</a> (39 Triples)</li>
<li><a href='http://saadaissa.fr'>saadaissa.fr</a> (39 Triples)</li>
<li><a href='http://cindy-theys.com'>cindy-theys.com</a> (39 Triples)</li>
<li><a href='http://gsnedders.com'>gsnedders.com</a> (39 Triples)</li>
<li><a href='http://borisguery.com'>borisguery.com</a> (39 Triples)</li>
<li><a href='http://sksizer.com'>sksizer.com</a> (39 Triples)</li>
<li><a href='http://levihackwith.com'>levihackwith.com</a> (39 Triples)</li>
<li><a href='http://yoann-uzan.com'>yoann-uzan.com</a> (39 Triples)</li>
<li><a href='http://lionelmyszka.com'>lionelmyszka.com</a> (39 Triples)</li>
<li><a href='http://goer.org'>goer.org</a> (39 Triples)</li>
<li><a href='http://richarddavies.us'>richarddavies.us</a> (38 Triples)</li>
<li><a href='http://guillaume-fiches.com'>guillaume-fiches.com</a> (38 Triples)</li>
<li><a href='http://oriane-lafon.com'>oriane-lafon.com</a> (38 Triples)</li>
<li><a href='http://zachyoung.org'>zachyoung.org</a> (38 Triples)</li>
<li><a href='http://bryanwills.com'>bryanwills.com</a> (38 Triples)</li>
<li><a href='http://hawidu.com'>hawidu.com</a> (38 Triples)</li>
<li><a href='http://carine-eckert.com'>carine-eckert.com</a> (38 Triples)</li>
<li><a href='http://naguib-toihiri.com'>naguib-toihiri.com</a> (38 Triples)</li>
<li><a href='http://boschma.cx'>boschma.cx</a> (38 Triples)</li>
<li><a href='http://lrvick.net'>lrvick.net</a> (38 Triples)</li>
<li><a href='http://cyril-brault.com'>cyril-brault.com</a> (38 Triples)</li>
<li><a href='http://ashleychurch.com'>ashleychurch.com</a> (38 Triples)</li>
<li><a href='http://djivan-minassian.fr'>djivan-minassian.fr</a> (38 Triples)</li>
<li><a href='http://benjaminperrin.com'>benjaminperrin.com</a> (38 Triples)</li>
<li><a href='http://oweng.net'>oweng.net</a> (38 Triples)</li>
<li><a href='http://katebolin.com'>katebolin.com</a> (38 Triples)</li>
<li><a href='http://maxime-petit.com'>maxime-petit.com</a> (38 Triples)</li>
<li><a href='http://fatihnayebi.com'>fatihnayebi.com</a> (37 Triples)</li>
<li><a href='http://jonathanblackburn.com'>jonathanblackburn.com</a> (37 Triples)</li>
<li><a href='http://denistoublanc.com'>denistoublanc.com</a> (37 Triples)</li>
<li><a href='http://ufxtract.com'>ufxtract.com</a> (37 Triples)</li>
<li><a href='http://thejourneyler.org'>thejourneyler.org</a> (37 Triples)</li>
<li><a href='http://valerie-lefranc.com'>valerie-lefranc.com</a> (37 Triples)</li>
<li><a href='http://philippe-cornet.com'>philippe-cornet.com</a> (37 Triples)</li>
<li><a href='http://alexbit.info'>alexbit.info</a> (37 Triples)</li>
<li><a href='http://dinobernardi.com'>dinobernardi.com</a> (37 Triples)</li>
<li><a href='http://christianneie.com'>christianneie.com</a> (37 Triples)</li>
<li><a href='http://jean-christian-rivet.com'>jean-christian-rivet.com</a> (37 Triples)</li>
<li><a href='http://aurore-vidal.com'>aurore-vidal.com</a> (37 Triples)</li>
<li><a href='http://ronniemoore.com'>ronniemoore.com</a> (37 Triples)</li>
<li><a href='http://jodybaldwin.com'>jodybaldwin.com</a> (37 Triples)</li>
<li><a href='http://mickael-nogal.com'>mickael-nogal.com</a> (37 Triples)</li>
<li><a href='http://bruno-genkin.com'>bruno-genkin.com</a> (37 Triples)</li>
<li><a href='http://stayskal.com'>stayskal.com</a> (37 Triples)</li>
<li><a href='http://kiruban-premkumar.com'>kiruban-premkumar.com</a> (37 Triples)</li>
<li><a href='http://anne-gomez.com'>anne-gomez.com</a> (37 Triples)</li>
<li><a href='http://johan-trebalag.com'>johan-trebalag.com</a> (37 Triples)</li>
<li><a href='http://sandypace.com'>sandypace.com</a> (37 Triples)</li>
<li><a href='http://remi-audureau.com'>remi-audureau.com</a> (37 Triples)</li>
<li><a href='http://etienne-fusz.com'>etienne-fusz.com</a> (37 Triples)</li>
<li><a href='http://mondorux.com'>mondorux.com</a> (36 Triples)</li>
<li><a href='http://pascal-bernardon.com'>pascal-bernardon.com</a> (36 Triples)</li>
<li><a href='http://aurelielucet.com'>aurelielucet.com</a> (36 Triples)</li>
<li><a href='http://julie-bometon.com'>julie-bometon.com</a> (36 Triples)</li>
<li><a href='http://miguel-kpakpo.com'>miguel-kpakpo.com</a> (36 Triples)</li>
<li><a href='http://dotnetdave.net'>dotnetdave.net</a> (36 Triples)</li>
<li><a href='http://glen-recourt.com'>glen-recourt.com</a> (36 Triples)</li>
<li><a href='http://marc-antoine-haffreingue.com'>marc-antoine-haffreingue.com</a> (36 Triples)</li>
<li><a href='http://rousseau-sophrologue.com'>rousseau-sophrologue.com</a> (36 Triples)</li>
<li><a href='http://comerford.cc'>comerford.cc</a> (36 Triples)</li>
<li><a href='http://judbd.com'>judbd.com</a> (36 Triples)</li>
<li><a href='http://toddfriedlich.com'>toddfriedlich.com</a> (36 Triples)</li>
<li><a href='http://olivierheudebourg.com'>olivierheudebourg.com</a> (36 Triples)</li>
<li><a href='http://ryanjanis.com'>ryanjanis.com</a> (36 Triples)</li>
<li><a href='http://carinemasse.com'>carinemasse.com</a> (36 Triples)</li>
<li><a href='http://jediwright.com'>jediwright.com</a> (35 Triples)</li>
<li><a href='http://thomasjoubert.com'>thomasjoubert.com</a> (35 Triples)</li>
<li><a href='http://sophie-durand.com'>sophie-durand.com</a> (35 Triples)</li>
<li><a href='http://waveneyavenue.co.uk'>waveneyavenue.co.uk</a> (35 Triples)</li>
<li><a href='http://jerome-abeille.com'>jerome-abeille.com</a> (35 Triples)</li>
<li><a href='http://etienne-henry.fr'>etienne-henry.fr</a> (35 Triples)</li>
<li><a href='http://rmnx.fr'>rmnx.fr</a> (35 Triples)</li>
<li><a href='http://benignouria.com'>benignouria.com</a> (35 Triples)</li>
<li><a href='http://guillaumeroucou.com'>guillaumeroucou.com</a> (35 Triples)</li>
<li><a href='http://solumedia.eu'>solumedia.eu</a> (35 Triples)</li>
<li><a href='http://petersonweb.com'>petersonweb.com</a> (35 Triples)</li>
<li><a href='http://thomas-provost.com'>thomas-provost.com</a> (35 Triples)</li>
<li><a href='http://phimage.com.au'>phimage.com.au</a> (35 Triples)</li>
<li><a href='http://amantiakapo.com'>amantiakapo.com</a> (35 Triples)</li>
<li><a href='http://julian-schmerkin.com'>julian-schmerkin.com</a> (35 Triples)</li>
<li><a href='http://joffrey-letuve.com'>joffrey-letuve.com</a> (35 Triples)</li>
<li><a href='http://philippe-noel.com'>philippe-noel.com</a> (34 Triples)</li>
<li><a href='http://georgesrapp.com'>georgesrapp.com</a> (34 Triples)</li>
<li><a href='http://christophe-largilliere.com'>christophe-largilliere.com</a> (34 Triples)</li>
<li><a href='http://florent-lebreton.fr'>florent-lebreton.fr</a> (34 Triples)</li>
<li><a href='http://marie-sophie-cazes.com'>marie-sophie-cazes.com</a> (34 Triples)</li>
<li><a href='http://alsmithelectric.com'>alsmithelectric.com</a> (34 Triples)</li>
<li><a href='http://oriolcasas.com'>oriolcasas.com</a> (34 Triples)</li>
<li><a href='http://ludovic-lenglet.fr'>ludovic-lenglet.fr</a> (34 Triples)</li>
<li><a href='http://jeremy-boye.eu'>jeremy-boye.eu</a> (34 Triples)</li>
<li><a href='http://marianneveillet.com'>marianneveillet.com</a> (34 Triples)</li>
<li><a href='http://reveille.org'>reveille.org</a> (34 Triples)</li>
<li><a href='http://crnixon.org'>crnixon.org</a> (34 Triples)</li>
<li><a href='http://olivier-primault.com'>olivier-primault.com</a> (34 Triples)</li>
<li><a href='http://christophe-cesetti.eu'>christophe-cesetti.eu</a> (33 Triples)</li>
<li><a href='http://clement-gacheny.com'>clement-gacheny.com</a> (33 Triples)</li>
<li><a href='http://emilie-boet.com'>emilie-boet.com</a> (33 Triples)</li>
<li><a href='http://fellipe.com'>fellipe.com</a> (33 Triples)</li>
<li><a href='http://brodin.ru'>brodin.ru</a> (33 Triples)</li>
<li><a href='http://kristen-mcmanus.com'>kristen-mcmanus.com</a> (33 Triples)</li>
<li><a href='http://markng.co.uk'>markng.co.uk</a> (33 Triples)</li>
<li><a href='http://sobac.com'>sobac.com</a> (33 Triples)</li>
<li><a href='http://xn--80aikcthwb.com.ua'>xn--80aikcthwb.com.ua</a> (33 Triples)</li>
<li><a href='http://brice-monier.fr'>brice-monier.fr</a> (33 Triples)</li>
<li><a href='http://markng.me.uk'>markng.me.uk</a> (33 Triples)</li>
<li><a href='http://backhandmedia.com'>backhandmedia.com</a> (33 Triples)</li>
<li><a href='http://community-manager-cv.com'>community-manager-cv.com</a> (33 Triples)</li>
<li><a href='http://adechampvallier.com'>adechampvallier.com</a> (33 Triples)</li>
<li><a href='http://wloskitlumacz.pl'>wloskitlumacz.pl</a> (33 Triples)</li>
<li><a href='http://julien-henri-maurice.fr'>julien-henri-maurice.fr</a> (33 Triples)</li>
<li><a href='http://williammoxham.com'>williammoxham.com</a> (33 Triples)</li>
<li><a href='http://esupport.org.ua'>esupport.org.ua</a> (33 Triples)</li>
<li><a href='http://a2codesigner.com'>a2codesigner.com</a> (33 Triples)</li>
<li><a href='http://ameliepicard.com'>ameliepicard.com</a> (33 Triples)</li>
<li><a href='http://berthelotvincent.fr'>berthelotvincent.fr</a> (33 Triples)</li>
<li><a href='http://rebill.info'>rebill.info</a> (33 Triples)</li>
<li><a href='http://clairedeschamps.com'>clairedeschamps.com</a> (32 Triples)</li>
<li><a href='http://ivan-arrizabalaga.com'>ivan-arrizabalaga.com</a> (32 Triples)</li>
<li><a href='http://johnfallsopp.com'>johnfallsopp.com</a> (32 Triples)</li>
<li><a href='http://staze.org'>staze.org</a> (32 Triples)</li>
<li><a href='http://orlanromano.com'>orlanromano.com</a> (32 Triples)</li>
<li><a href='http://tkatchenko.com'>tkatchenko.com</a> (32 Triples)</li>
<li><a href='http://xmlhelpline.com'>xmlhelpline.com</a> (32 Triples)</li>
<li><a href='http://julienclari.com'>julienclari.com</a> (32 Triples)</li>
<li><a href='http://craigmnewman.com'>craigmnewman.com</a> (32 Triples)</li>
<li><a href='http://neocreo.net'>neocreo.net</a> (32 Triples)</li>
<li><a href='http://iris-gascoin.com'>iris-gascoin.com</a> (32 Triples)</li>
<li><a href='http://ualberta.ca'>ualberta.ca</a> (32 Triples)</li>
<li><a href='http://goube.org'>goube.org</a> (32 Triples)</li>
<li><a href='http://christianziebarth.com'>christianziebarth.com</a> (32 Triples)</li>
<li><a href='http://anti-personnel.com'>anti-personnel.com</a> (32 Triples)</li>
<li><a href='http://laurent-boisseau.com'>laurent-boisseau.com</a> (31 Triples)</li>
<li><a href='http://jean-christophe-cros.com'>jean-christophe-cros.com</a> (31 Triples)</li>
<li><a href='http://alexandre-garland.com'>alexandre-garland.com</a> (31 Triples)</li>
<li><a href='http://bergie.iki.fi'>bergie.iki.fi</a> (31 Triples)</li>
<li><a href='http://gregory-morel.fr'>gregory-morel.fr</a> (31 Triples)</li>
<li><a href='http://felipecsl.com'>felipecsl.com</a> (31 Triples)</li>
<li><a href='http://pugh.net'>pugh.net</a> (31 Triples)</li>
<li><a href='http://laurent-leborgne.com'>laurent-leborgne.com</a> (31 Triples)</li>
<li><a href='http://dehfne.com'>dehfne.com</a> (31 Triples)</li>
<li><a href='http://martawiley.com'>martawiley.com</a> (31 Triples)</li>
<li><a href='http://stevepugh.net'>stevepugh.net</a> (31 Triples)</li>
<li><a href='http://sarah-jaafar.com'>sarah-jaafar.com</a> (31 Triples)</li>
<li><a href='http://maeva-caron.com'>maeva-caron.com</a> (31 Triples)</li>
<li><a href='http://lika-sarr.com'>lika-sarr.com</a> (30 Triples)</li>
<li><a href='http://solenedipaolo.com'>solenedipaolo.com</a> (30 Triples)</li>
<li><a href='http://olivier-somme.fr'>olivier-somme.fr</a> (30 Triples)</li>
<li><a href='http://olivier-armoet.com'>olivier-armoet.com</a> (30 Triples)</li>
<li><a href='http://andysternberg.com'>andysternberg.com</a> (30 Triples)</li>
<li><a href='http://lisbeth-buonanno.com'>lisbeth-buonanno.com</a> (30 Triples)</li>
<li><a href='http://benjaminbouchard.com'>benjaminbouchard.com</a> (30 Triples)</li>
<li><a href='http://mireilleallee.com'>mireilleallee.com</a> (30 Triples)</li>
<li><a href='http://yisraelshapiro.com'>yisraelshapiro.com</a> (30 Triples)</li>
<li><a href='http://mathieu-caudal.fr'>mathieu-caudal.fr</a> (30 Triples)</li>
<li><a href='http://marion-darnet.com'>marion-darnet.com</a> (30 Triples)</li>
<li><a href='http://emilytrueblood.com'>emilytrueblood.com</a> (30 Triples)</li>
<li><a href='http://gilles-boyer.com'>gilles-boyer.com</a> (30 Triples)</li>
<li><a href='http://benjamin-pittino.com'>benjamin-pittino.com</a> (30 Triples)</li>
<li><a href='http://laurence-berville.eu'>laurence-berville.eu</a> (29 Triples)</li>
<li><a href='http://felix-nicolon.com'>felix-nicolon.com</a> (29 Triples)</li>
<li><a href='http://nadege-perrin-conseil-marketing.com'>nadege-perrin-conseil-marketing.com</a> (29 Triples)</li>
<li><a href='http://damienbernard.fr'>damienbernard.fr</a> (29 Triples)</li>
<li><a href='http://stephenbooth.org'>stephenbooth.org</a> (29 Triples)</li>
<li><a href='http://ronan-kerdudou.fr'>ronan-kerdudou.fr</a> (29 Triples)</li>
<li><a href='http://julien-saint.com'>julien-saint.com</a> (29 Triples)</li>
<li><a href='http://telechem.com'>telechem.com</a> (29 Triples)</li>
<li><a href='http://julien-blas.com'>julien-blas.com</a> (29 Triples)</li>
<li><a href='http://boyle.name'>boyle.name</a> (29 Triples)</li>
<li><a href='http://christopher-mesquita.com'>christopher-mesquita.com</a> (29 Triples)</li>
<li><a href='http://pierre-prost.com'>pierre-prost.com</a> (29 Triples)</li>
<li><a href='http://nubiapalacios.net'>nubiapalacios.net</a> (29 Triples)</li>
<li><a href='http://florian-fauvarque.com'>florian-fauvarque.com</a> (29 Triples)</li>
<li><a href='http://daspet.name'>daspet.name</a> (28 Triples)</li>
<li><a href='http://marklindner.info'>marklindner.info</a> (28 Triples)</li>
<li><a href='http://guillaume-tessier.fr'>guillaume-tessier.fr</a> (28 Triples)</li>
<li><a href='http://laurent-charpentier.com'>laurent-charpentier.com</a> (28 Triples)</li>
<li><a href='http://shopsavvy.mobi'>shopsavvy.mobi</a> (28 Triples)</li>
<li><a href='http://chloe-robin.com'>chloe-robin.com</a> (28 Triples)</li>
<li><a href='http://joshuad.com'>joshuad.com</a> (28 Triples)</li>
<li><a href='http://laurentmalet.fr'>laurentmalet.fr</a> (28 Triples)</li>
<li><a href='http://matthieufournier.com'>matthieufournier.com</a> (28 Triples)</li>
<li><a href='http://victor-picault.com'>victor-picault.com</a> (28 Triples)</li>
<li><a href='http://palaciosg.info'>palaciosg.info</a> (27 Triples)</li>
<li><a href='http://cjlamkin.com'>cjlamkin.com</a> (27 Triples)</li>
<li><a href='http://uwman.nl'>uwman.nl</a> (27 Triples)</li>
<li><a href='http://growyourbusinesseasily.com'>growyourbusinesseasily.com</a> (27 Triples)</li>
<li><a href='http://annabelle-navrez.com'>annabelle-navrez.com</a> (27 Triples)</li>
<li><a href='http://ludovic-dewet.com'>ludovic-dewet.com</a> (27 Triples)</li>
<li><a href='http://kerkuijl.nl'>kerkuijl.nl</a> (27 Triples)</li>
<li><a href='http://quentin-jaubert.com'>quentin-jaubert.com</a> (27 Triples)</li>
<li><a href='http://nguyenhoaituong.com'>nguyenhoaituong.com</a> (27 Triples)</li>
<li><a href='http://jayrobinson.org'>jayrobinson.org</a> (27 Triples)</li>
<li><a href='http://fiora-lanfranchi.com'>fiora-lanfranchi.com</a> (27 Triples)</li>
<li><a href='http://andrewharbert.com'>andrewharbert.com</a> (27 Triples)</li>
<li><a href='http://guillaume-ertauran.com'>guillaume-ertauran.com</a> (27 Triples)</li>
<li><a href='http://whatfettle.com'>whatfettle.com</a> (27 Triples)</li>
<li><a href='http://tonyxprice.com'>tonyxprice.com</a> (27 Triples)</li>
<li><a href='http://jacobemerick.com'>jacobemerick.com</a> (27 Triples)</li>
<li><a href='http://florian-decoeur.com'>florian-decoeur.com</a> (27 Triples)</li>
<li><a href='http://nordbleche.de'>nordbleche.de</a> (27 Triples)</li>
<li><a href='http://blendcode.com'>blendcode.com</a> (27 Triples)</li>
<li><a href='http://christian-radmilovitch.com'>christian-radmilovitch.com</a> (27 Triples)</li>
<li><a href='http://clipclip.org'>clipclip.org</a> (27 Triples)</li>
<li><a href='http://helenahswedberg.com'>helenahswedberg.com</a> (27 Triples)</li>
<li><a href='http://onehandlaughing.com'>onehandlaughing.com</a> (27 Triples)</li>
<li><a href='http://digitalwebdesign.com'>digitalwebdesign.com</a> (27 Triples)</li>
<li><a href='http://brianchabot.org'>brianchabot.org</a> (26 Triples)</li>
<li><a href='http://cv-paul-martin.com'>cv-paul-martin.com</a> (26 Triples)</li>
<li><a href='http://martinkaspar.net'>martinkaspar.net</a> (26 Triples)</li>
<li><a href='http://eurydice-halle.com'>eurydice-halle.com</a> (26 Triples)</li>
<li><a href='http://olivier-godest.com'>olivier-godest.com</a> (26 Triples)</li>
<li><a href='http://benoit-fuleran.com'>benoit-fuleran.com</a> (26 Triples)</li>
<li><a href='http://dominique-le-goff.com'>dominique-le-goff.com</a> (26 Triples)</li>
<li><a href='http://romaine-kohler.com'>romaine-kohler.com</a> (26 Triples)</li>
<li><a href='http://lauraperrier.com'>lauraperrier.com</a> (26 Triples)</li>
<li><a href='http://twoplayer.net'>twoplayer.net</a> (26 Triples)</li>
<li><a href='http://fabienmegel.com'>fabienmegel.com</a> (26 Triples)</li>
<li><a href='http://arnaud-babin.com'>arnaud-babin.com</a> (26 Triples)</li>
<li><a href='http://swy.me'>swy.me</a> (26 Triples)</li>
<li><a href='http://maitsalah.com'>maitsalah.com</a> (26 Triples)</li>
<li><a href='http://fortunecity.com'>fortunecity.com</a> (26 Triples)</li>
<li><a href='http://gael-guillet.com'>gael-guillet.com</a> (26 Triples)</li>
<li><a href='http://jerome-privat.com'>jerome-privat.com</a> (25 Triples)</li>
<li><a href='http://destiny-tchehouali.com'>destiny-tchehouali.com</a> (25 Triples)</li>
<li><a href='http://david-audran.com'>david-audran.com</a> (25 Triples)</li>
<li><a href='http://romain-bonzom.com'>romain-bonzom.com</a> (25 Triples)</li>
<li><a href='http://mikemcquaid.com'>mikemcquaid.com</a> (25 Triples)</li>
<li><a href='http://claudio-marra.com'>claudio-marra.com</a> (25 Triples)</li>
<li><a href='http://nunosaraiva.eu'>nunosaraiva.eu</a> (25 Triples)</li>
<li><a href='http://donortega.com'>donortega.com</a> (25 Triples)</li>
<li><a href='http://drshevin.com'>drshevin.com</a> (25 Triples)</li>
<li><a href='http://uaic.ro'>uaic.ro</a> (25 Triples)</li>
<li><a href='http://eckhouse.com'>eckhouse.com</a> (25 Triples)</li>
<li><a href='http://henrydeboussac.com'>henrydeboussac.com</a> (25 Triples)</li>
<li><a href='http://marie-christine-dorange.com'>marie-christine-dorange.com</a> (25 Triples)</li>
<li><a href='http://nicolas-dhooghe.com'>nicolas-dhooghe.com</a> (25 Triples)</li>
<li><a href='http://sigwinch.org'>sigwinch.org</a> (25 Triples)</li>
<li><a href='http://xanga.com'>xanga.com</a> (24 Triples)</li>
<li><a href='http://gsys.biz'>gsys.biz</a> (24 Triples)</li>
<li><a href='http://jean-maximilien-voisine.com'>jean-maximilien-voisine.com</a> (24 Triples)</li>
<li><a href='http://spraci.com'>spraci.com</a> (24 Triples)</li>
<li><a href='http://gtwebdev.com'>gtwebdev.com</a> (24 Triples)</li>
<li><a href='http://anthonycalzadilla.com'>anthonycalzadilla.com</a> (24 Triples)</li>
<li><a href='http://emiliegay.com'>emiliegay.com</a> (24 Triples)</li>
<li><a href='http://tatianageorges.com'>tatianageorges.com</a> (24 Triples)</li>
<li><a href='http://jordivillar.com'>jordivillar.com</a> (24 Triples)</li>
<li><a href='http://taskai.hu'>taskai.hu</a> (24 Triples)</li>
<li><a href='http://brunocunha.net.br'>brunocunha.net.br</a> (24 Triples)</li>
<li><a href='http://danmajka.com'>danmajka.com</a> (24 Triples)</li>
<li><a href='http://marie-guillo.com'>marie-guillo.com</a> (24 Triples)</li>
<li><a href='http://christinakeogh.ie'>christinakeogh.ie</a> (24 Triples)</li>
<li><a href='http://honorine-paul.com'>honorine-paul.com</a> (24 Triples)</li>
<li><a href='http://jurik.info'>jurik.info</a> (24 Triples)</li>
<li><a href='http://elodiemichel.net'>elodiemichel.net</a> (23 Triples)</li>
<li><a href='http://bartekkrzemien.pl'>bartekkrzemien.pl</a> (23 Triples)</li>
<li><a href='http://gregory-rocher.com'>gregory-rocher.com</a> (23 Triples)</li>
<li><a href='http://ladd.us.com'>ladd.us.com</a> (23 Triples)</li>
<li><a href='http://mathilde-yonnet-liberty.com'>mathilde-yonnet-liberty.com</a> (23 Triples)</li>
<li><a href='http://dynamic-db.com'>dynamic-db.com</a> (23 Triples)</li>
<li><a href='http://michael-lloyd-lee.me.uk'>michael-lloyd-lee.me.uk</a> (23 Triples)</li>
<li><a href='http://nicolas-snieg.com'>nicolas-snieg.com</a> (23 Triples)</li>
<li><a href='http://mortartown.com'>mortartown.com</a> (23 Triples)</li>
<li><a href='http://consultantwebrennes.com'>consultantwebrennes.com</a> (23 Triples)</li>
<li><a href='http://mlkaczala-chef-de-projet-multimedia.com'>mlkaczala-chef-de-projet-multimedia.com</a> (23 Triples)</li>
<li><a href='http://francoisxavier-patron.com'>francoisxavier-patron.com</a> (22 Triples)</li>
<li><a href='http://wetfeet.com'>wetfeet.com</a> (22 Triples)</li>
<li><a href='http://f1337.us'>f1337.us</a> (22 Triples)</li>
<li><a href='http://clearbar.com'>clearbar.com</a> (22 Triples)</li>
<li><a href='http://glennjones.net'>glennjones.net</a> (22 Triples)</li>
<li><a href='http://merudh.com'>merudh.com</a> (22 Triples)</li>
<li><a href='http://laure-castets.com'>laure-castets.com</a> (22 Triples)</li>
<li><a href='http://thomas-duret.com'>thomas-duret.com</a> (22 Triples)</li>
<li><a href='http://sanny-agnoro.com'>sanny-agnoro.com</a> (22 Triples)</li>
<li><a href='http://clearbar.org'>clearbar.org</a> (22 Triples)</li>
<li><a href='http://iitb.ac.in'>iitb.ac.in</a> (22 Triples)</li>
<li><a href='http://jdhenry.com'>jdhenry.com</a> (22 Triples)</li>
<li><a href='http://steve-vanesse.fr'>steve-vanesse.fr</a> (22 Triples)</li>
<li><a href='http://pfefferle.org'>pfefferle.org</a> (22 Triples)</li>
<li><a href='http://mickael-riviere.com'>mickael-riviere.com</a> (22 Triples)</li>
<li><a href='http://ciaranmcnulty.com'>ciaranmcnulty.com</a> (22 Triples)</li>
<li><a href='http://xavierballoy.com'>xavierballoy.com</a> (22 Triples)</li>
<li><a href='http://nicolas-marquet.fr'>nicolas-marquet.fr</a> (21 Triples)</li>
<li><a href='http://marc-andouche.com'>marc-andouche.com</a> (21 Triples)</li>
<li><a href='http://dannyalbeck.com'>dannyalbeck.com</a> (21 Triples)</li>
<li><a href='http://laurejeannerot-cv.com'>laurejeannerot-cv.com</a> (21 Triples)</li>
<li><a href='http://antoine-de-rivasson.com'>antoine-de-rivasson.com</a> (21 Triples)</li>
<li><a href='http://jbprevost.fr'>jbprevost.fr</a> (21 Triples)</li>
<li><a href='http://skipitnow.org'>skipitnow.org</a> (21 Triples)</li>
<li><a href='http://mutatedcreativity.com'>mutatedcreativity.com</a> (21 Triples)</li>
<li><a href='http://carolinehuard.com'>carolinehuard.com</a> (21 Triples)</li>
<li><a href='http://jakubhajek.cz'>jakubhajek.cz</a> (20 Triples)</li>
<li><a href='http://oofn.net'>oofn.net</a> (20 Triples)</li>
<li><a href='http://claireleblond.com'>claireleblond.com</a> (20 Triples)</li>
<li><a href='http://fantasticmf.com'>fantasticmf.com</a> (20 Triples)</li>
<li><a href='http://theendless.org'>theendless.org</a> (20 Triples)</li>
<li><a href='http://achcarlaw.com'>achcarlaw.com</a> (20 Triples)</li>
<li><a href='http://derrickrohl.com'>derrickrohl.com</a> (20 Triples)</li>
<li><a href='http://poesie-sabine-aussenac.com'>poesie-sabine-aussenac.com</a> (20 Triples)</li>
<li><a href='http://sociology.org'>sociology.org</a> (20 Triples)</li>
<li><a href='http://webintensive.com'>webintensive.com</a> (20 Triples)</li>
<li><a href='http://eu.org'>eu.org</a> (20 Triples)</li>
<li><a href='http://mckessonbop.com'>mckessonbop.com</a> (20 Triples)</li>
<li><a href='http://bestcoder.co.uk'>bestcoder.co.uk</a> (20 Triples)</li>
<li><a href='http://aaronwieberg.com'>aaronwieberg.com</a> (19 Triples)</li>
<li><a href='http://cesarmattar.com'>cesarmattar.com</a> (19 Triples)</li>
<li><a href='http://hambos22.me'>hambos22.me</a> (19 Triples)</li>
<li><a href='http://seanyo.ca'>seanyo.ca</a> (19 Triples)</li>
<li><a href='http://identites-numeriques.net'>identites-numeriques.net</a> (19 Triples)</li>
<li><a href='http://koenvanurk.nl'>koenvanurk.nl</a> (18 Triples)</li>
<li><a href='http://billeisenhauer.com'>billeisenhauer.com</a> (18 Triples)</li>
<li><a href='http://redwriteblue.com'>redwriteblue.com</a> (18 Triples)</li>
<li><a href='http://herve-larcher.com'>herve-larcher.com</a> (18 Triples)</li>
<li><a href='http://baptiste-sorin.com'>baptiste-sorin.com</a> (18 Triples)</li>
<li><a href='http://frederic-houssay.com'>frederic-houssay.com</a> (18 Triples)</li>
<li><a href='http://julie-fabre.com'>julie-fabre.com</a> (18 Triples)</li>
<li><a href='http://cardwellit.com'>cardwellit.com</a> (18 Triples)</li>
<li><a href='http://attilaacs.com'>attilaacs.com</a> (18 Triples)</li>
<li><a href='http://shivampatel.net'>shivampatel.net</a> (18 Triples)</li>
<li><a href='http://douglassmith.me'>douglassmith.me</a> (17 Triples)</li>
<li><a href='http://reculeau.fr'>reculeau.fr</a> (17 Triples)</li>
<li><a href='http://renskoekebakker.com'>renskoekebakker.com</a> (17 Triples)</li>
<li><a href='http://edouard-lopez.com'>edouard-lopez.com</a> (17 Triples)</li>
<li><a href='http://wolerized.com'>wolerized.com</a> (17 Triples)</li>
<li><a href='http://greychr.com'>greychr.com</a> (17 Triples)</li>
<li><a href='http://elkinsware.com'>elkinsware.com</a> (17 Triples)</li>
<li><a href='http://tordek.com.ar'>tordek.com.ar</a> (17 Triples)</li>
<li><a href='http://pascalbaudon.com'>pascalbaudon.com</a> (17 Triples)</li>
<li><a href='http://tommyhulsbosch.com'>tommyhulsbosch.com</a> (17 Triples)</li>
<li><a href='http://flexiguru.com'>flexiguru.com</a> (17 Triples)</li>
<li><a href='http://robertlobue.com'>robertlobue.com</a> (17 Triples)</li>
<li><a href='http://billsaysthis.com'>billsaysthis.com</a> (16 Triples)</li>
<li><a href='http://hannjio.nl'>hannjio.nl</a> (16 Triples)</li>
<li><a href='http://oraclegeeks.com'>oraclegeeks.com</a> (16 Triples)</li>
<li><a href='http://berkeley.edu'>berkeley.edu</a> (16 Triples)</li>
<li><a href='http://eliane-pollet.com'>eliane-pollet.com</a> (16 Triples)</li>
<li><a href='http://jmtarallo.fr'>jmtarallo.fr</a> (16 Triples)</li>
<li><a href='http://portwallistechnologies.com'>portwallistechnologies.com</a> (16 Triples)</li>
<li><a href='http://londonprague.com'>londonprague.com</a> (16 Triples)</li>
<li><a href='http://kevinlawver.com'>kevinlawver.com</a> (16 Triples)</li>
<li><a href='http://katalyste.com'>katalyste.com</a> (16 Triples)</li>
<li><a href='http://wanderingabout.com'>wanderingabout.com</a> (16 Triples)</li>
<li><a href='http://pixel8design.org'>pixel8design.org</a> (15 Triples)</li>
<li><a href='http://dentalmanagers.com'>dentalmanagers.com</a> (15 Triples)</li>
<li><a href='http://robertelwell.info'>robertelwell.info</a> (15 Triples)</li>
<li><a href='http://tarit.co.uk'>tarit.co.uk</a> (14 Triples)</li>
<li><a href='http://roqz.net'>roqz.net</a> (14 Triples)</li>
<li><a href='http://xd86.com'>xd86.com</a> (14 Triples)</li>
<li><a href='http://microformatshiv.com'>microformatshiv.com</a> (14 Triples)</li>
<li><a href='http://braithwaite.ca'>braithwaite.ca</a> (14 Triples)</li>
<li><a href='http://alejandromiranda.com'>alejandromiranda.com</a> (14 Triples)</li>
<li><a href='http://somethingsosam.com'>somethingsosam.com</a> (14 Triples)</li>
<li><a href='http://vosegus.org'>vosegus.org</a> (14 Triples)</li>
<li><a href='http://sandrinepiedras.com'>sandrinepiedras.com</a> (14 Triples)</li>
<li><a href='http://usg.edu'>usg.edu</a> (14 Triples)</li>
<li><a href='http://clearideaz.com'>clearideaz.com</a> (14 Triples)</li>
<li><a href='http://brunodulcetti.com'>brunodulcetti.com</a> (13 Triples)</li>
<li><a href='http://anim8ergrl.com'>anim8ergrl.com</a> (13 Triples)</li>
<li><a href='http://hapl.org'>hapl.org</a> (13 Triples)</li>
<li><a href='http://ludovic-dhooghe.com'>ludovic-dhooghe.com</a> (13 Triples)</li>
<li><a href='http://music4education.com'>music4education.com</a> (12 Triples)</li>
<li><a href='http://nancysuttonpierce.com'>nancysuttonpierce.com</a> (12 Triples)</li>
<li><a href='http://lumographe.fr'>lumographe.fr</a> (12 Triples)</li>
<li><a href='http://chrispederick.com'>chrispederick.com</a> (12 Triples)</li>
<li><a href='http://cadremploi.fr'>cadremploi.fr</a> (12 Triples)</li>
<li><a href='http://eyeheartzombies.com'>eyeheartzombies.com</a> (12 Triples)</li>
<li><a href='http://makeupfirst.com'>makeupfirst.com</a> (12 Triples)</li>
<li><a href='http://buzztonic.com'>buzztonic.com</a> (12 Triples)</li>
<li><a href='http://earthwormjobs.com'>earthwormjobs.com</a> (12 Triples)</li>
<li><a href='http://dgs.org'>dgs.org</a> (12 Triples)</li>
<li><a href='http://silviavigano.it'>silviavigano.it</a> (12 Triples)</li>
<li><a href='http://marcozoli.it'>marcozoli.it</a> (12 Triples)</li>
<li><a href='http://bcclimo.com'>bcclimo.com</a> (12 Triples)</li>
<li><a href='http://visual-navigation.com'>visual-navigation.com</a> (12 Triples)</li>
<li><a href='http://bevjenaiart.com'>bevjenaiart.com</a> (12 Triples)</li>
<li><a href='http://maite-bernier.com'>maite-bernier.com</a> (11 Triples)</li>
<li><a href='http://wita.org'>wita.org</a> (11 Triples)</li>
<li><a href='http://emmanuel-andrivet.com'>emmanuel-andrivet.com</a> (11 Triples)</li>
<li><a href='http://rzhevskiy.info'>rzhevskiy.info</a> (11 Triples)</li>
<li><a href='http://aggierealestatenetwork.com'>aggierealestatenetwork.com</a> (11 Triples)</li>
<li><a href='http://indeed.com'>indeed.com</a> (11 Triples)</li>
<li><a href='http://stamrep.org'>stamrep.org</a> (11 Triples)</li>
<li><a href='http://cv8.me'>cv8.me</a> (11 Triples)</li>
<li><a href='http://hubertmasseymurals.com'>hubertmasseymurals.com</a> (11 Triples)</li>
</ol></body>